GCCACATAAACGTGAT,0,0,0,334,375
GCCACATAAAACATCG,0,1,0,415,375
GCCACATAATGCCTAA,0,2,0,495,375
GCCACATAAGTGGTCA,0,3,0,576,375
GCCACATAACCACTGT,0,4,0,656,376
GCCACATAACATTGGC,0,5,0,737,376
GCCACATACAGATCTG,1,6,0,818,376
GCCACATACATCAAGT,1,7,0,898,376
GCCACATACGCTGATC,1,8,0,979,377
GCCACATAACAAGCTA,1,9,0,1059,377
GCCACATACTGTAGCC,1,10,0,1140,377
GCCACATAAGTACAAG,1,11,0,1220,377
GCCACATAAACAACCA,1,12,0,1301,378
GCCACATAAACCGAGA,1,13,0,1381,378
GCCACATAAACGCTTA,1,14,0,1462,378
GCCACATAAAGACGGA,1,15,0,1542,379
GCCACATAAAGGTACA,1,16,0,1623,379
GCCACATAACACAGAA,1,17,0,1703,379
GCCACATAACAGCAGA,1,18,0,1784,379
GCCACATAACCTCCAA,1,19,0,1864,380
GCCACATAACGCTCGA,1,20,0,1945,380
GCCACATAACGTATCA,1,21,0,2025,380
GCCACATAACTATGCA,1,22,0,2106,380
GCCACATAAGAGTCAA,1,23,0,2186,381
GCCACATAAGATCGCA,1,24,0,2267,381
GCCACATAAGCAGGAA,1,25,0,2347,381
GCCACATAAGTCACTA,1,26,0,2428,382
GCCACATAATCCTGTA,1,27,0,2508,382
GCCACATAATTGAGGA,1,28,0,2589,382
GCCACATACAACCACA,1,29,0,2669,382
GCCACATAGACTAGTA,1,30,0,2750,383
GCCACATACAATGGAA,1,31,0,2830,383
GCCACATACACTTCGA,1,32,0,2911,383
GCCACATACAGCGTTA,1,33,0,2991,383
GCCACATACATACCAA,1,34,0,3072,384
GCCACATACCAGTTCA,1,35,0,3152,384
GCCACATACCGAAGTA,0,36,0,3233,384
GCCACATACCGTGAGA,0,37,0,3313,384
GCCACATACCTCCTGA,0,38,0,3394,385
GCCACATACGAACTTA,0,39,0,3474,385
GCCACATACGACTGGA,0,40,0,3555,385
GCCACATACGCATACA,0,41,0,3635,386
GCCACATACTCAATGA,0,42,0,3716,386
GCCACATACTGAGCCA,0,43,0,3797,386
GCCACATACTGGCATA,0,44,0,3877,386
GCCACATAGAATCTGA,0,45,0,3958,387
GCCACATACAAGACTA,0,46,0,4038,387
GCCACATAGAGCTGAA,0,47,0,4119,387
GCCACATAGATAGACA,0,48,0,4199,387
GCCACATAGCCACATA,0,49,0,4280,388
GATAGACAAACGTGAT,0,0,1,334,455
GATAGACAAAACATCG,0,1,1,415,455
GATAGACAATGCCTAA,0,2,1,496,455
GATAGACAAGTGGTCA,0,3,1,576,455
GATAGACAACCACTGT,0,4,1,657,456
GATAGACAACATTGGC,1,5,1,737,456
GATAGACACAGATCTG,1,6,1,818,456
GATAGACACATCAAGT,1,7,1,898,457
GATAGACACGCTGATC,1,8,1,979,457
GATAGACAACAAGCTA,1,9,1,1059,457
GATAGACACTGTAGCC,1,10,1,1140,457
GATAGACAAGTACAAG,1,11,1,1220,458
GATAGACAAACAACCA,1,12,1,1301,458
GATAGACAAACCGAGA,1,13,1,1381,458
GATAGACAAACGCTTA,1,14,1,1462,458
GATAGACAAAGACGGA,1,15,1,1542,459
GATAGACAAAGGTACA,1,16,1,1623,459
GATAGACAACACAGAA,1,17,1,1703,459
GATAGACAACAGCAGA,1,18,1,1784,459
GATAGACAACCTCCAA,1,19,1,1864,460
GATAGACAACGCTCGA,1,20,1,1945,460
GATAGACAACGTATCA,1,21,1,2025,460
GATAGACAACTATGCA,1,22,1,2106,461
GATAGACAAGAGTCAA,1,23,1,2186,461
GATAGACAAGATCGCA,1,24,1,2267,461
GATAGACAAGCAGGAA,1,25,1,2347,461
GATAGACAAGTCACTA,1,26,1,2428,462
GATAGACAATCCTGTA,1,27,1,2508,462
GATAGACAATTGAGGA,1,28,1,2589,462
GATAGACACAACCACA,1,29,1,2669,462
GATAGACAGACTAGTA,1,30,1,2750,463
GATAGACACAATGGAA,1,31,1,2830,463
GATAGACACACTTCGA,0,32,1,2911,463
GATAGACACAGCGTTA,1,33,1,2991,464
GATAGACACATACCAA,1,34,1,3072,464
GATAGACACCAGTTCA,1,35,1,3152,464
GATAGACACCGAAGTA,1,36,1,3233,464
GATAGACACCGTGAGA,1,37,1,3314,465
GATAGACACCTCCTGA,0,38,1,3394,465
GATAGACACGAACTTA,0,39,1,3475,465
GATAGACACGACTGGA,0,40,1,3555,465
GATAGACACGCATACA,0,41,1,3636,466
GATAGACACTCAATGA,0,42,1,3716,466
GATAGACACTGAGCCA,0,43,1,3797,466
GATAGACACTGGCATA,0,44,1,3877,466
GATAGACAGAATCTGA,0,45,1,3958,467
GATAGACACAAGACTA,0,46,1,4038,467
GATAGACAGAGCTGAA,0,47,1,4119,467
GATAGACAGATAGACA,0,48,1,4199,468
GATAGACAGCCACATA,0,49,1,4280,468
GAGCTGAAAACGTGAT,0,0,2,335,535
GAGCTGAAAAACATCG,0,1,2,415,535
GAGCTGAAATGCCTAA,0,2,2,496,535
GAGCTGAAAGTGGTCA,0,3,2,576,536
GAGCTGAAACCACTGT,1,4,2,657,536
GAGCTGAAACATTGGC,1,5,2,737,536
GAGCTGAACAGATCTG,1,6,2,818,536
GAGCTGAACATCAAGT,1,7,2,898,537
GAGCTGAACGCTGATC,1,8,2,979,537
GAGCTGAAACAAGCTA,1,9,2,1059,537
GAGCTGAACTGTAGCC,1,10,2,1140,537
GAGCTGAAAGTACAAG,1,11,2,1220,538
GAGCTGAAAACAACCA,1,12,2,1301,538
GAGCTGAAAACCGAGA,1,13,2,1381,538
GAGCTGAAAACGCTTA,1,14,2,1462,539
GAGCTGAAAAGACGGA,1,15,2,1542,539
GAGCTGAAAAGGTACA,1,16,2,1623,539
GAGCTGAAACACAGAA,1,17,2,1703,539
GAGCTGAAACAGCAGA,1,18,2,1784,540
GAGCTGAAACCTCCAA,1,19,2,1864,540
GAGCTGAAACGCTCGA,1,20,2,1945,540
GAGCTGAAACGTATCA,1,21,2,2025,540
GAGCTGAAACTATGCA,1,22,2,2106,541
GAGCTGAAAGAGTCAA,1,23,2,2186,541
GAGCTGAAAGATCGCA,1,24,2,2267,541
GAGCTGAAAGCAGGAA,1,25,2,2347,541
GAGCTGAAAGTCACTA,1,26,2,2428,542
GAGCTGAAATCCTGTA,1,27,2,2508,542
GAGCTGAAATTGAGGA,1,28,2,2589,542
GAGCTGAACAACCACA,1,29,2,2669,543
GAGCTGAAGACTAGTA,1,30,2,2750,543
GAGCTGAACAATGGAA,1,31,2,2830,543
GAGCTGAACACTTCGA,1,32,2,2911,543
GAGCTGAACAGCGTTA,0,33,2,2992,544
GAGCTGAACATACCAA,1,34,2,3072,544
GAGCTGAACCAGTTCA,1,35,2,3153,544
GAGCTGAACCGAAGTA,1,36,2,3233,544
GAGCTGAACCGTGAGA,1,37,2,3314,545
GAGCTGAACCTCCTGA,1,38,2,3394,545
GAGCTGAACGAACTTA,0,39,2,3475,545
GAGCTGAACGACTGGA,0,40,2,3555,546
GAGCTGAACGCATACA,0,41,2,3636,546
GAGCTGAACTCAATGA,0,42,2,3716,546
GAGCTGAACTGAGCCA,0,43,2,3797,546
GAGCTGAACTGGCATA,0,44,2,3877,547
GAGCTGAAGAATCTGA,0,45,2,3958,547
GAGCTGAACAAGACTA,0,46,2,4038,547
GAGCTGAAGAGCTGAA,0,47,2,4119,547
GAGCTGAAGATAGACA,0,48,2,4199,548
GAGCTGAAGCCACATA,0,49,2,4280,548
CAAGACTAAACGTGAT,0,0,3,335,615
CAAGACTAAAACATCG,0,1,3,415,615
CAAGACTAATGCCTAA,1,2,3,496,615
CAAGACTAAGTGGTCA,1,3,3,576,616
CAAGACTAACCACTGT,1,4,3,657,616
CAAGACTAACATTGGC,1,5,3,737,616
CAAGACTACAGATCTG,1,6,3,818,616
CAAGACTACATCAAGT,1,7,3,898,617
CAAGACTACGCTGATC,1,8,3,979,617
CAAGACTAACAAGCTA,1,9,3,1059,617
CAAGACTACTGTAGCC,1,10,3,1140,618
CAAGACTAAGTACAAG,1,11,3,1220,618
CAAGACTAAACAACCA,1,12,3,1301,618
CAAGACTAAACCGAGA,1,13,3,1381,618
CAAGACTAAACGCTTA,1,14,3,1462,619
CAAGACTAAAGACGGA,1,15,3,1542,619
CAAGACTAAAGGTACA,1,16,3,1623,619
CAAGACTAACACAGAA,1,17,3,1703,619
CAAGACTAACAGCAGA,1,18,3,1784,620
CAAGACTAACCTCCAA,1,19,3,1864,620
CAAGACTAACGCTCGA,1,20,3,1945,620
CAAGACTAACGTATCA,1,21,3,2025,621
CAAGACTAACTATGCA,1,22,3,2106,621
CAAGACTAAGAGTCAA,1,23,3,2186,621
CAAGACTAAGATCGCA,1,24,3,2267,621
CAAGACTAAGCAGGAA,1,25,3,2347,622
CAAGACTAAGTCACTA,1,26,3,2428,622
CAAGACTAATCCTGTA,1,27,3,2509,622
CAAGACTAATTGAGGA,1,28,3,2589,622
CAAGACTACAACCACA,1,29,3,2670,623
CAAGACTAGACTAGTA,1,30,3,2750,623
CAAGACTACAATGGAA,1,31,3,2831,623
CAAGACTACACTTCGA,1,32,3,2911,623
CAAGACTACAGCGTTA,1,33,3,2992,624
CAAGACTACATACCAA,1,34,3,3072,624
CAAGACTACCAGTTCA,1,35,3,3153,624
CAAGACTACCGAAGTA,1,36,3,3233,625
CAAGACTACCGTGAGA,1,37,3,3314,625
CAAGACTACCTCCTGA,1,38,3,3394,625
CAAGACTACGAACTTA,0,39,3,3475,625
CAAGACTACGACTGGA,0,40,3,3555,626
CAAGACTACGCATACA,0,41,3,3636,626
CAAGACTACTCAATGA,0,42,3,3716,626
CAAGACTACTGAGCCA,0,43,3,3797,626
CAAGACTACTGGCATA,0,44,3,3877,627
CAAGACTAGAATCTGA,0,45,3,3958,627
CAAGACTACAAGACTA,0,46,3,4038,627
CAAGACTAGAGCTGAA,0,47,3,4119,628
CAAGACTAGATAGACA,0,48,3,4199,628
CAAGACTAGCCACATA,0,49,3,4280,628
GAATCTGAAACGTGAT,1,0,4,335,695
GAATCTGAAAACATCG,1,1,4,415,695
GAATCTGAATGCCTAA,1,2,4,496,695
GAATCTGAAGTGGTCA,1,3,4,576,696
GAATCTGAACCACTGT,1,4,4,657,696
GAATCTGAACATTGGC,1,5,4,737,696
GAATCTGACAGATCTG,1,6,4,818,697
GAATCTGACATCAAGT,1,7,4,898,697
GAATCTGACGCTGATC,1,8,4,979,697
GAATCTGAACAAGCTA,1,9,4,1059,697
GAATCTGACTGTAGCC,1,10,4,1140,698
GAATCTGAAGTACAAG,1,11,4,1220,698
GAATCTGAAACAACCA,1,12,4,1301,698
GAATCTGAAACCGAGA,1,13,4,1381,698
GAATCTGAAACGCTTA,1,14,4,1462,699
GAATCTGAAAGACGGA,1,15,4,1542,699
GAATCTGAAAGGTACA,1,16,4,1623,699
GAATCTGAACACAGAA,1,17,4,1703,700
GAATCTGAACAGCAGA,1,18,4,1784,700
GAATCTGAACCTCCAA,1,19,4,1864,700
GAATCTGAACGCTCGA,1,20,4,1945,700
GAATCTGAACGTATCA,1,21,4,2025,701
GAATCTGAACTATGCA,1,22,4,2106,701
GAATCTGAAGAGTCAA,1,23,4,2187,701
GAATCTGAAGATCGCA,1,24,4,2267,701
GAATCTGAAGCAGGAA,1,25,4,2348,702
GAATCTGAAGTCACTA,1,26,4,2428,702
GAATCTGAATCCTGTA,1,27,4,2509,702
GAATCTGAATTGAGGA,1,28,4,2589,703
GAATCTGACAACCACA,1,29,4,2670,703
GAATCTGAGACTAGTA,1,30,4,2750,703
GAATCTGACAATGGAA,1,31,4,2831,703
GAATCTGACACTTCGA,1,32,4,2911,704
GAATCTGACAGCGTTA,1,33,4,2992,704
GAATCTGACATACCAA,1,34,4,3072,704
GAATCTGACCAGTTCA,1,35,4,3153,704
GAATCTGACCGAAGTA,1,36,4,3233,705
GAATCTGACCGTGAGA,1,37,4,3314,705
GAATCTGACCTCCTGA,1,38,4,3394,705
GAATCTGACGAACTTA,1,39,4,3475,705
GAATCTGACGACTGGA,0,40,4,3555,706
GAATCTGACGCATACA,0,41,4,3636,706
GAATCTGACTCAATGA,0,42,4,3716,706
GAATCTGACTGAGCCA,0,43,4,3797,707
GAATCTGACTGGCATA,0,44,4,3877,707
GAATCTGAGAATCTGA,0,45,4,3958,707
GAATCTGACAAGACTA,0,46,4,4038,707
GAATCTGAGAGCTGAA,0,47,4,4119,708
GAATCTGAGATAGACA,0,48,4,4199,708
GAATCTGAGCCACATA,0,49,4,4280,708
CTGGCATAAACGTGAT,1,0,5,335,775
CTGGCATAAAACATCG,1,1,5,415,775
CTGGCATAATGCCTAA,1,2,5,496,776
CTGGCATAAGTGGTCA,1,3,5,576,776
CTGGCATAACCACTGT,1,4,5,657,776
CTGGCATAACATTGGC,1,5,5,737,776
CTGGCATACAGATCTG,1,6,5,818,777
CTGGCATACATCAAGT,1,7,5,898,777
CTGGCATACGCTGATC,1,8,5,979,777
CTGGCATAACAAGCTA,1,9,5,1059,777
CTGGCATACTGTAGCC,1,10,5,1140,778
CTGGCATAAGTACAAG,1,11,5,1220,778
CTGGCATAAACAACCA,1,12,5,1301,778
CTGGCATAAACCGAGA,1,13,5,1381,779
CTGGCATAAACGCTTA,1,14,5,1462,779
CTGGCATAAAGACGGA,1,15,5,1542,779
CTGGCATAAAGGTACA,1,16,5,1623,779
CTGGCATAACACAGAA,1,17,5,1704,780
CTGGCATAACAGCAGA,1,18,5,1784,780
CTGGCATAACCTCCAA,1,19,5,1865,780
CTGGCATAACGCTCGA,1,20,5,1945,780
CTGGCATAACGTATCA,1,21,5,2026,781
CTGGCATAACTATGCA,1,22,5,2106,781
CTGGCATAAGAGTCAA,1,23,5,2187,781
CTGGCATAAGATCGCA,1,24,5,2267,782
CTGGCATAAGCAGGAA,1,25,5,2348,782
CTGGCATAAGTCACTA,1,26,5,2428,782
CTGGCATAATCCTGTA,1,27,5,2509,782
CTGGCATAATTGAGGA,1,28,5,2589,783
CTGGCATACAACCACA,1,29,5,2670,783
CTGGCATAGACTAGTA,1,30,5,2750,783
CTGGCATACAATGGAA,1,31,5,2831,783
CTGGCATACACTTCGA,1,32,5,2911,784
CTGGCATACAGCGTTA,1,33,5,2992,784
CTGGCATACATACCAA,1,34,5,3072,784
CTGGCATACCAGTTCA,1,35,5,3153,785
CTGGCATACCGAAGTA,1,36,5,3233,785
CTGGCATACCGTGAGA,1,37,5,3314,785
CTGGCATACCTCCTGA,1,38,5,3394,785
CTGGCATACGAACTTA,1,39,5,3475,786
CTGGCATACGACTGGA,1,40,5,3555,786
CTGGCATACGCATACA,1,41,5,3636,786
CTGGCATACTCAATGA,0,42,5,3716,786
CTGGCATACTGAGCCA,0,43,5,3797,787
CTGGCATACTGGCATA,0,44,5,3877,787
CTGGCATAGAATCTGA,0,45,5,3958,787
CTGGCATACAAGACTA,0,46,5,4038,787
CTGGCATAGAGCTGAA,0,47,5,4119,788
CTGGCATAGATAGACA,0,48,5,4199,788
CTGGCATAGCCACATA,0,49,5,4280,788
CTGAGCCAAACGTGAT,1,0,6,335,855
CTGAGCCAAAACATCG,1,1,6,415,855
CTGAGCCAATGCCTAA,1,2,6,496,856
CTGAGCCAAGTGGTCA,1,3,6,576,856
CTGAGCCAACCACTGT,1,4,6,657,856
CTGAGCCAACATTGGC,1,5,6,737,857
CTGAGCCACAGATCTG,1,6,6,818,857
CTGAGCCACATCAAGT,1,7,6,898,857
CTGAGCCACGCTGATC,1,8,6,979,857
CTGAGCCAACAAGCTA,1,9,6,1059,858
CTGAGCCACTGTAGCC,1,10,6,1140,858
CTGAGCCAAGTACAAG,1,11,6,1220,858
CTGAGCCAAACAACCA,1,12,6,1301,858
CTGAGCCAAACCGAGA,1,13,6,1382,859
CTGAGCCAAACGCTTA,1,14,6,1462,859
CTGAGCCAAAGACGGA,1,15,6,1543,859
CTGAGCCAAAGGTACA,1,16,6,1623,859
CTGAGCCAACACAGAA,1,17,6,1704,860
CTGAGCCAACAGCAGA,1,18,6,1784,860
CTGAGCCAACCTCCAA,1,19,6,1865,860
CTGAGCCAACGCTCGA,1,20,6,1945,861
CTGAGCCAACGTATCA,1,21,6,2026,861
CTGAGCCAACTATGCA,1,22,6,2106,861
CTGAGCCAAGAGTCAA,1,23,6,2187,861
CTGAGCCAAGATCGCA,1,24,6,2267,862
CTGAGCCAAGCAGGAA,1,25,6,2348,862
CTGAGCCAAGTCACTA,1,26,6,2428,862
CTGAGCCAATCCTGTA,1,27,6,2509,862
CTGAGCCAATTGAGGA,1,28,6,2589,863
CTGAGCCACAACCACA,1,29,6,2670,863
CTGAGCCAGACTAGTA,1,30,6,2750,863
CTGAGCCACAATGGAA,1,31,6,2831,864
CTGAGCCACACTTCGA,1,32,6,2911,864
CTGAGCCACAGCGTTA,1,33,6,2992,864
CTGAGCCACATACCAA,1,34,6,3072,864
CTGAGCCACCAGTTCA,1,35,6,3153,865
CTGAGCCACCGAAGTA,1,36,6,3233,865
CTGAGCCACCGTGAGA,1,37,6,3314,865
CTGAGCCACCTCCTGA,1,38,6,3394,865
CTGAGCCACGAACTTA,1,39,6,3475,866
CTGAGCCACGACTGGA,1,40,6,3555,866
CTGAGCCACGCATACA,1,41,6,3636,866
CTGAGCCACTCAATGA,1,42,6,3716,867
CTGAGCCACTGAGCCA,0,43,6,3797,867
CTGAGCCACTGGCATA,0,44,6,3877,867
CTGAGCCAGAATCTGA,0,45,6,3958,867
CTGAGCCACAAGACTA,0,46,6,4038,868
CTGAGCCAGAGCTGAA,0,47,6,4119,868
CTGAGCCAGATAGACA,0,48,6,4199,868
CTGAGCCAGCCACATA,0,49,6,4280,868
CTCAATGAAACGTGAT,1,0,7,335,935
CTCAATGAAAACATCG,1,1,7,415,936
CTCAATGAATGCCTAA,1,2,7,496,936
CTCAATGAAGTGGTCA,1,3,7,576,936
CTCAATGAACCACTGT,1,4,7,657,936
CTCAATGAACATTGGC,1,5,7,737,937
CTCAATGACAGATCTG,1,6,7,818,937
CTCAATGACATCAAGT,1,7,7,899,937
CTCAATGACGCTGATC,1,8,7,979,937
CTCAATGAACAAGCTA,1,9,7,1060,938
CTCAATGACTGTAGCC,1,10,7,1140,938
CTCAATGAAGTACAAG,1,11,7,1221,938
CTCAATGAAACAACCA,1,12,7,1301,939
CTCAATGAAACCGAGA,1,13,7,1382,939
CTCAATGAAACGCTTA,1,14,7,1462,939
CTCAATGAAAGACGGA,1,15,7,1543,939
CTCAATGAAAGGTACA,1,16,7,1623,940
CTCAATGAACACAGAA,1,17,7,1704,940
CTCAATGAACAGCAGA,1,18,7,1784,940
CTCAATGAACCTCCAA,1,19,7,1865,940
CTCAATGAACGCTCGA,1,20,7,1945,941
CTCAATGAACGTATCA,1,21,7,2026,941
CTCAATGAACTATGCA,1,22,7,2106,941
CTCAATGAAGAGTCAA,1,23,7,2187,941
CTCAATGAAGATCGCA,1,24,7,2267,942
CTCAATGAAGCAGGAA,1,25,7,2348,942
CTCAATGAAGTCACTA,1,26,7,2428,942
CTCAATGAATCCTGTA,1,27,7,2509,943
CTCAATGAATTGAGGA,1,28,7,2589,943
CTCAATGACAACCACA,1,29,7,2670,943
CTCAATGAGACTAGTA,1,30,7,2750,943
CTCAATGACAATGGAA,1,31,7,2831,944
CTCAATGACACTTCGA,1,32,7,2911,944
CTCAATGACAGCGTTA,1,33,7,2992,944
CTCAATGACATACCAA,1,34,7,3072,944
CTCAATGACCAGTTCA,1,35,7,3153,945
CTCAATGACCGAAGTA,1,36,7,3233,945
CTCAATGACCGTGAGA,1,37,7,3314,945
CTCAATGACCTCCTGA,1,38,7,3394,946
CTCAATGACGAACTTA,1,39,7,3475,946
CTCAATGACGACTGGA,1,40,7,3555,946
CTCAATGACGCATACA,1,41,7,3636,946
CTCAATGACTCAATGA,1,42,7,3716,947
CTCAATGACTGAGCCA,1,43,7,3797,947
CTCAATGACTGGCATA,1,44,7,3878,947
CTCAATGAGAATCTGA,0,45,7,3958,947
CTCAATGACAAGACTA,0,46,7,4039,948
CTCAATGAGAGCTGAA,0,47,7,4119,948
CTCAATGAGATAGACA,0,48,7,4200,948
CTCAATGAGCCACATA,0,49,7,4280,948
CGCATACAAACGTGAT,1,0,8,335,1015
CGCATACAAAACATCG,1,1,8,415,1016
CGCATACAATGCCTAA,1,2,8,496,1016
CGCATACAAGTGGTCA,1,3,8,577,1016
CGCATACAACCACTGT,1,4,8,657,1016
CGCATACAACATTGGC,1,5,8,738,1017
CGCATACACAGATCTG,1,6,8,818,1017
CGCATACACATCAAGT,1,7,8,899,1017
CGCATACACGCTGATC,1,8,8,979,1018
CGCATACAACAAGCTA,1,9,8,1060,1018
CGCATACACTGTAGCC,1,10,8,1140,1018
CGCATACAAGTACAAG,1,11,8,1221,1018
CGCATACAAACAACCA,1,12,8,1301,1019
CGCATACAAACCGAGA,1,13,8,1382,1019
CGCATACAAACGCTTA,1,14,8,1462,1019
CGCATACAAAGACGGA,1,15,8,1543,1019
CGCATACAAAGGTACA,1,16,8,1623,1020
CGCATACAACACAGAA,1,17,8,1704,1020
CGCATACAACAGCAGA,1,18,8,1784,1020
CGCATACAACCTCCAA,1,19,8,1865,1021
CGCATACAACGCTCGA,1,20,8,1945,1021
CGCATACAACGTATCA,1,21,8,2026,1021
CGCATACAACTATGCA,1,22,8,2106,1021
CGCATACAAGAGTCAA,1,23,8,2187,1022
CGCATACAAGATCGCA,1,24,8,2267,1022
CGCATACAAGCAGGAA,1,25,8,2348,1022
CGCATACAAGTCACTA,1,26,8,2428,1022
CGCATACAATCCTGTA,1,27,8,2509,1023
CGCATACAATTGAGGA,1,28,8,2589,1023
CGCATACACAACCACA,1,29,8,2670,1023
CGCATACAGACTAGTA,1,30,8,2750,1023
CGCATACACAATGGAA,1,31,8,2831,1024
CGCATACACACTTCGA,1,32,8,2911,1024
CGCATACACAGCGTTA,1,33,8,2992,1024
CGCATACACATACCAA,1,34,8,3072,1025
CGCATACACCAGTTCA,1,35,8,3153,1025
CGCATACACCGAAGTA,1,36,8,3233,1025
CGCATACACCGTGAGA,1,37,8,3314,1025
CGCATACACCTCCTGA,1,38,8,3394,1026
CGCATACACGAACTTA,1,39,8,3475,1026
CGCATACACGACTGGA,1,40,8,3556,1026
CGCATACACGCATACA,1,41,8,3636,1026
CGCATACACTCAATGA,1,42,8,3717,1027
CGCATACACTGAGCCA,1,43,8,3797,1027
CGCATACACTGGCATA,1,44,8,3878,1027
CGCATACAGAATCTGA,1,45,8,3958,1028
CGCATACACAAGACTA,0,46,8,4039,1028
CGCATACAGAGCTGAA,0,47,8,4119,1028
CGCATACAGATAGACA,0,48,8,4200,1028
CGCATACAGCCACATA,0,49,8,4280,1029
CGACTGGAAACGTGAT,1,0,9,335,1095
CGACTGGAAAACATCG,1,1,9,416,1096
CGACTGGAATGCCTAA,1,2,9,496,1096
CGACTGGAAGTGGTCA,1,3,9,577,1096
CGACTGGAACCACTGT,1,4,9,657,1097
CGACTGGAACATTGGC,1,5,9,738,1097
CGACTGGACAGATCTG,1,6,9,818,1097
CGACTGGACATCAAGT,1,7,9,899,1097
CGACTGGACGCTGATC,1,8,9,979,1098
CGACTGGAACAAGCTA,1,9,9,1060,1098
CGACTGGACTGTAGCC,1,10,9,1140,1098
CGACTGGAAGTACAAG,1,11,9,1221,1098
CGACTGGAAACAACCA,1,12,9,1301,1099
CGACTGGAAACCGAGA,1,13,9,1382,1099
CGACTGGAAACGCTTA,1,14,9,1462,1099
CGACTGGAAAGACGGA,1,15,9,1543,1100
CGACTGGAAAGGTACA,1,16,9,1623,1100
CGACTGGAACACAGAA,1,17,9,1704,1100
CGACTGGAACAGCAGA,1,18,9,1784,1100
CGACTGGAACCTCCAA,1,19,9,1865,1101
CGACTGGAACGCTCGA,1,20,9,1945,1101
CGACTGGAACGTATCA,1,21,9,2026,1101
CGACTGGAACTATGCA,1,22,9,2106,1101
CGACTGGAAGAGTCAA,1,23,9,2187,1102
CGACTGGAAGATCGCA,1,24,9,2267,1102
CGACTGGAAGCAGGAA,1,25,9,2348,1102
CGACTGGAAGTCACTA,1,26,9,2428,1103
CGACTGGAATCCTGTA,1,27,9,2509,1103
CGACTGGAATTGAGGA,1,28,9,2589,1103
CGACTGGACAACCACA,1,29,9,2670,1103
CGACTGGAGACTAGTA,1,30,9,2750,1104
CGACTGGACAATGGAA,1,31,9,2831,1104
CGACTGGACACTTCGA,1,32,9,2911,1104
CGACTGGACAGCGTTA,1,33,9,2992,1104
CGACTGGACATACCAA,1,34,9,3073,1105
CGACTGGACCAGTTCA,1,35,9,3153,1105
CGACTGGACCGAAGTA,1,36,9,3234,1105
CGACTGGACCGTGAGA,1,37,9,3314,1105
CGACTGGACCTCCTGA,1,38,9,3395,1106
CGACTGGACGAACTTA,1,39,9,3475,1106
CGACTGGACGACTGGA,1,40,9,3556,1106
CGACTGGACGCATACA,1,41,9,3636,1107
CGACTGGACTCAATGA,1,42,9,3717,1107
CGACTGGACTGAGCCA,1,43,9,3797,1107
CGACTGGACTGGCATA,1,44,9,3878,1107
CGACTGGAGAATCTGA,1,45,9,3958,1108
CGACTGGACAAGACTA,1,46,9,4039,1108
CGACTGGAGAGCTGAA,0,47,9,4119,1108
CGACTGGAGATAGACA,0,48,9,4200,1108
CGACTGGAGCCACATA,0,49,9,4280,1109
CGAACTTAAACGTGAT,1,0,10,335,1176
CGAACTTAAAACATCG,1,1,10,416,1176
CGAACTTAATGCCTAA,1,2,10,496,1176
CGAACTTAAGTGGTCA,1,3,10,577,1176
CGAACTTAACCACTGT,1,4,10,657,1177
CGAACTTAACATTGGC,1,5,10,738,1177
CGAACTTACAGATCTG,1,6,10,818,1177
CGAACTTACATCAAGT,1,7,10,899,1177
CGAACTTACGCTGATC,1,8,10,979,1178
CGAACTTAACAAGCTA,1,9,10,1060,1178
CGAACTTACTGTAGCC,1,10,10,1140,1178
CGAACTTAAGTACAAG,1,11,10,1221,1179
CGAACTTAAACAACCA,1,12,10,1301,1179
CGAACTTAAACCGAGA,1,13,10,1382,1179
CGAACTTAAACGCTTA,1,14,10,1462,1179
CGAACTTAAAGACGGA,1,15,10,1543,1180
CGAACTTAAAGGTACA,1,16,10,1623,1180
CGAACTTAACACAGAA,1,17,10,1704,1180
CGAACTTAACAGCAGA,1,18,10,1784,1180
CGAACTTAACCTCCAA,1,19,10,1865,1181
CGAACTTAACGCTCGA,1,20,10,1945,1181
CGAACTTAACGTATCA,1,21,10,2026,1181
CGAACTTAACTATGCA,1,22,10,2106,1182
CGAACTTAAGAGTCAA,1,23,10,2187,1182
CGAACTTAAGATCGCA,1,24,10,2267,1182
CGAACTTAAGCAGGAA,1,25,10,2348,1182
CGAACTTAAGTCACTA,1,26,10,2428,1183
CGAACTTAATCCTGTA,1,27,10,2509,1183
CGAACTTAATTGAGGA,1,28,10,2589,1183
CGAACTTACAACCACA,1,29,10,2670,1183
CGAACTTAGACTAGTA,1,30,10,2751,1184
CGAACTTACAATGGAA,1,31,10,2831,1184
CGAACTTACACTTCGA,1,32,10,2912,1184
CGAACTTACAGCGTTA,1,33,10,2992,1185
CGAACTTACATACCAA,1,34,10,3073,1185
CGAACTTACCAGTTCA,1,35,10,3153,1185
CGAACTTACCGAAGTA,1,36,10,3234,1185
CGAACTTACCGTGAGA,1,37,10,3314,1186
CGAACTTACCTCCTGA,1,38,10,3395,1186
CGAACTTACGAACTTA,1,39,10,3475,1186
CGAACTTACGACTGGA,1,40,10,3556,1186
CGAACTTACGCATACA,1,41,10,3636,1187
CGAACTTACTCAATGA,1,42,10,3717,1187
CGAACTTACTGAGCCA,1,43,10,3797,1187
CGAACTTACTGGCATA,1,44,10,3878,1187
CGAACTTAGAATCTGA,1,45,10,3958,1188
CGAACTTACAAGACTA,1,46,10,4039,1188
CGAACTTAGAGCTGAA,1,47,10,4119,1188
CGAACTTAGATAGACA,0,48,10,4200,1189
CGAACTTAGCCACATA,0,49,10,4280,1189
CCTCCTGAAACGTGAT,1,0,11,335,1256
CCTCCTGAAAACATCG,1,1,11,416,1256
CCTCCTGAATGCCTAA,1,2,11,496,1256
CCTCCTGAAGTGGTCA,1,3,11,577,1257
CCTCCTGAACCACTGT,1,4,11,657,1257
CCTCCTGAACATTGGC,1,5,11,738,1257
CCTCCTGACAGATCTG,1,6,11,818,1257
CCTCCTGACATCAAGT,1,7,11,899,1258
CCTCCTGACGCTGATC,1,8,11,979,1258
CCTCCTGAACAAGCTA,1,9,11,1060,1258
CCTCCTGACTGTAGCC,1,10,11,1140,1258
CCTCCTGAAGTACAAG,1,11,11,1221,1259
CCTCCTGAAACAACCA,1,12,11,1301,1259
CCTCCTGAAACCGAGA,1,13,11,1382,1259
CCTCCTGAAACGCTTA,1,14,11,1462,1259
CCTCCTGAAAGACGGA,1,15,11,1543,1260
CCTCCTGAAAGGTACA,1,16,11,1623,1260
CCTCCTGAACACAGAA,1,17,11,1704,1260
CCTCCTGAACAGCAGA,1,18,11,1784,1261
CCTCCTGAACCTCCAA,1,19,11,1865,1261
CCTCCTGAACGCTCGA,1,20,11,1945,1261
CCTCCTGAACGTATCA,1,21,11,2026,1261
CCTCCTGAACTATGCA,1,22,11,2106,1262
CCTCCTGAAGAGTCAA,1,23,11,2187,1262
CCTCCTGAAGATCGCA,1,24,11,2268,1262
CCTCCTGAAGCAGGAA,1,25,11,2348,1262
CCTCCTGAAGTCACTA,1,26,11,2429,1263
CCTCCTGAATCCTGTA,1,27,11,2509,1263
CCTCCTGAATTGAGGA,1,28,11,2590,1263
CCTCCTGACAACCACA,1,29,11,2670,1264
CCTCCTGAGACTAGTA,1,30,11,2751,1264
CCTCCTGACAATGGAA,1,31,11,2831,1264
CCTCCTGACACTTCGA,1,32,11,2912,1264
CCTCCTGACAGCGTTA,1,33,11,2992,1265
CCTCCTGACATACCAA,1,34,11,3073,1265
CCTCCTGACCAGTTCA,1,35,11,3153,1265
CCTCCTGACCGAAGTA,1,36,11,3234,1265
CCTCCTGACCGTGAGA,1,37,11,3314,1266
CCTCCTGACCTCCTGA,1,38,11,3395,1266
CCTCCTGACGAACTTA,1,39,11,3475,1266
CCTCCTGACGACTGGA,1,40,11,3556,1267
CCTCCTGACGCATACA,1,41,11,3636,1267
CCTCCTGACTCAATGA,1,42,11,3717,1267
CCTCCTGACTGAGCCA,1,43,11,3797,1267
CCTCCTGACTGGCATA,1,44,11,3878,1268
CCTCCTGAGAATCTGA,1,45,11,3958,1268
CCTCCTGACAAGACTA,1,46,11,4039,1268
CCTCCTGAGAGCTGAA,1,47,11,4119,1268
CCTCCTGAGATAGACA,0,48,11,4200,1269
CCTCCTGAGCCACATA,0,49,11,4280,1269
CCGTGAGAAACGTGAT,1,0,12,335,1336
CCGTGAGAAAACATCG,1,1,12,416,1336
CCGTGAGAATGCCTAA,1,2,12,496,1336
CCGTGAGAAGTGGTCA,1,3,12,577,1337
CCGTGAGAACCACTGT,1,4,12,657,1337
CCGTGAGAACATTGGC,1,5,12,738,1337
CCGTGAGACAGATCTG,1,6,12,818,1337
CCGTGAGACATCAAGT,1,7,12,899,1338
CCGTGAGACGCTGATC,1,8,12,979,1338
CCGTGAGAACAAGCTA,1,9,12,1060,1338
CCGTGAGACTGTAGCC,1,10,12,1140,1339
CCGTGAGAAGTACAAG,1,11,12,1221,1339
CCGTGAGAAACAACCA,1,12,12,1301,1339
CCGTGAGAAACCGAGA,1,13,12,1382,1339
CCGTGAGAAACGCTTA,1,14,12,1462,1340
CCGTGAGAAAGACGGA,1,15,12,1543,1340
CCGTGAGAAAGGTACA,1,16,12,1623,1340
CCGTGAGAACACAGAA,1,17,12,1704,1340
CCGTGAGAACAGCAGA,1,18,12,1784,1341
CCGTGAGAACCTCCAA,1,19,12,1865,1341
CCGTGAGAACGCTCGA,1,20,12,1946,1341
CCGTGAGAACGTATCA,1,21,12,2026,1341
CCGTGAGAACTATGCA,1,22,12,2107,1342
CCGTGAGAAGAGTCAA,1,23,12,2187,1342
CCGTGAGAAGATCGCA,1,24,12,2268,1342
CCGTGAGAAGCAGGAA,1,25,12,2348,1343
CCGTGAGAAGTCACTA,1,26,12,2429,1343
CCGTGAGAATCCTGTA,1,27,12,2509,1343
CCGTGAGAATTGAGGA,1,28,12,2590,1343
CCGTGAGACAACCACA,1,29,12,2670,1344
CCGTGAGAGACTAGTA,1,30,12,2751,1344
CCGTGAGACAATGGAA,1,31,12,2831,1344
CCGTGAGACACTTCGA,1,32,12,2912,1344
CCGTGAGACAGCGTTA,1,33,12,2992,1345
CCGTGAGACATACCAA,1,34,12,3073,1345
CCGTGAGACCAGTTCA,1,35,12,3153,1345
CCGTGAGACCGAAGTA,1,36,12,3234,1346
CCGTGAGACCGTGAGA,1,37,12,3314,1346
CCGTGAGACCTCCTGA,1,38,12,3395,1346
CCGTGAGACGAACTTA,1,39,12,3475,1346
CCGTGAGACGACTGGA,1,40,12,3556,1347
CCGTGAGACGCATACA,1,41,12,3636,1347
CCGTGAGACTCAATGA,1,42,12,3717,1347
CCGTGAGACTGAGCCA,1,43,12,3797,1347
CCGTGAGACTGGCATA,1,44,12,3878,1348
CCGTGAGAGAATCTGA,1,45,12,3958,1348
CCGTGAGACAAGACTA,1,46,12,4039,1348
CCGTGAGAGAGCTGAA,1,47,12,4119,1349
CCGTGAGAGATAGACA,1,48,12,4200,1349
CCGTGAGAGCCACATA,0,49,12,4280,1349
CCGAAGTAAACGTGAT,1,0,13,335,1416
CCGAAGTAAAACATCG,1,1,13,416,1416
CCGAAGTAATGCCTAA,1,2,13,496,1416
CCGAAGTAAGTGGTCA,1,3,13,577,1417
CCGAAGTAACCACTGT,1,4,13,657,1417
CCGAAGTAACATTGGC,1,5,13,738,1417
CCGAAGTACAGATCTG,1,6,13,818,1418
CCGAAGTACATCAAGT,1,7,13,899,1418
CCGAAGTACGCTGATC,1,8,13,979,1418
CCGAAGTAACAAGCTA,1,9,13,1060,1418
CCGAAGTACTGTAGCC,1,10,13,1140,1419
CCGAAGTAAGTACAAG,1,11,13,1221,1419
CCGAAGTAAACAACCA,1,12,13,1301,1419
CCGAAGTAAACCGAGA,1,13,13,1382,1419
CCGAAGTAAACGCTTA,1,14,13,1463,1420
CCGAAGTAAAGACGGA,1,15,13,1543,1420
CCGAAGTAAAGGTACA,1,16,13,1624,1420
CCGAAGTAACACAGAA,1,17,13,1704,1421
CCGAAGTAACAGCAGA,1,18,13,1785,1421
CCGAAGTAACCTCCAA,1,19,13,1865,1421
CCGAAGTAACGCTCGA,1,20,13,1946,1421
CCGAAGTAACGTATCA,1,21,13,2026,1422
CCGAAGTAACTATGCA,1,22,13,2107,1422
CCGAAGTAAGAGTCAA,1,23,13,2187,1422
CCGAAGTAAGATCGCA,1,24,13,2268,1422
CCGAAGTAAGCAGGAA,1,25,13,2348,1423
CCGAAGTAAGTCACTA,1,26,13,2429,1423
CCGAAGTAATCCTGTA,1,27,13,2509,1423
CCGAAGTAATTGAGGA,1,28,13,2590,1423
CCGAAGTACAACCACA,1,29,13,2670,1424
CCGAAGTAGACTAGTA,1,30,13,2751,1424
CCGAAGTACAATGGAA,1,31,13,2831,1424
CCGAAGTACACTTCGA,1,32,13,2912,1425
CCGAAGTACAGCGTTA,1,33,13,2992,1425
CCGAAGTACATACCAA,1,34,13,3073,1425
CCGAAGTACCAGTTCA,1,35,13,3153,1425
CCGAAGTACCGAAGTA,1,36,13,3234,1426
CCGAAGTACCGTGAGA,1,37,13,3314,1426
CCGAAGTACCTCCTGA,1,38,13,3395,1426
CCGAAGTACGAACTTA,1,39,13,3475,1426
CCGAAGTACGACTGGA,1,40,13,3556,1427
CCGAAGTACGCATACA,1,41,13,3636,1427
CCGAAGTACTCAATGA,1,42,13,3717,1427
CCGAAGTACTGAGCCA,1,43,13,3797,1428
CCGAAGTACTGGCATA,1,44,13,3878,1428
CCGAAGTAGAATCTGA,1,45,13,3958,1428
CCGAAGTACAAGACTA,1,46,13,4039,1428
CCGAAGTAGAGCTGAA,1,47,13,4119,1429
CCGAAGTAGATAGACA,1,48,13,4200,1429
CCGAAGTAGCCACATA,1,49,13,4280,1429
CCAGTTCAAACGTGAT,1,0,14,335,1496
CCAGTTCAAAACATCG,1,1,14,416,1496
CCAGTTCAATGCCTAA,1,2,14,496,1497
CCAGTTCAAGTGGTCA,1,3,14,577,1497
CCAGTTCAACCACTGT,1,4,14,657,1497
CCAGTTCAACATTGGC,1,5,14,738,1497
CCAGTTCACAGATCTG,1,6,14,818,1498
CCAGTTCACATCAAGT,1,7,14,899,1498
CCAGTTCACGCTGATC,1,8,14,979,1498
CCAGTTCAACAAGCTA,1,9,14,1060,1498
CCAGTTCACTGTAGCC,1,10,14,1141,1499
CCAGTTCAAGTACAAG,1,11,14,1221,1499
CCAGTTCAAACAACCA,1,12,14,1302,1499
CCAGTTCAAACCGAGA,1,13,14,1382,1500
CCAGTTCAAACGCTTA,1,14,14,1463,1500
CCAGTTCAAAGACGGA,1,15,14,1543,1500
CCAGTTCAAAGGTACA,1,16,14,1624,1500
CCAGTTCAACACAGAA,1,17,14,1704,1501
CCAGTTCAACAGCAGA,1,18,14,1785,1501
CCAGTTCAACCTCCAA,1,19,14,1865,1501
CCAGTTCAACGCTCGA,1,20,14,1946,1501
CCAGTTCAACGTATCA,1,21,14,2026,1502
CCAGTTCAACTATGCA,1,22,14,2107,1502
CCAGTTCAAGAGTCAA,1,23,14,2187,1502
CCAGTTCAAGATCGCA,1,24,14,2268,1503
CCAGTTCAAGCAGGAA,1,25,14,2348,1503
CCAGTTCAAGTCACTA,1,26,14,2429,1503
CCAGTTCAATCCTGTA,1,27,14,2509,1503
CCAGTTCAATTGAGGA,1,28,14,2590,1504
CCAGTTCACAACCACA,1,29,14,2670,1504
CCAGTTCAGACTAGTA,1,30,14,2751,1504
CCAGTTCACAATGGAA,1,31,14,2831,1504
CCAGTTCACACTTCGA,1,32,14,2912,1505
CCAGTTCACAGCGTTA,1,33,14,2992,1505
CCAGTTCACATACCAA,1,34,14,3073,1505
CCAGTTCACCAGTTCA,1,35,14,3153,1505
CCAGTTCACCGAAGTA,1,36,14,3234,1506
CCAGTTCACCGTGAGA,1,37,14,3314,1506
CCAGTTCACCTCCTGA,1,38,14,3395,1506
CCAGTTCACGAACTTA,1,39,14,3475,1507
CCAGTTCACGACTGGA,1,40,14,3556,1507
CCAGTTCACGCATACA,1,41,14,3636,1507
CCAGTTCACTCAATGA,1,42,14,3717,1507
CCAGTTCACTGAGCCA,1,43,14,3797,1508
CCAGTTCACTGGCATA,1,44,14,3878,1508
CCAGTTCAGAATCTGA,1,45,14,3958,1508
CCAGTTCACAAGACTA,1,46,14,4039,1508
CCAGTTCAGAGCTGAA,1,47,14,4120,1509
CCAGTTCAGATAGACA,1,48,14,4200,1509
CCAGTTCAGCCACATA,1,49,14,4281,1509
CATACCAAAACGTGAT,1,0,15,335,1576
CATACCAAAAACATCG,1,1,15,416,1576
CATACCAAATGCCTAA,1,2,15,496,1577
CATACCAAAGTGGTCA,1,3,15,577,1577
CATACCAAACCACTGT,1,4,15,657,1577
CATACCAAACATTGGC,1,5,15,738,1577
CATACCAACAGATCTG,1,6,15,819,1578
CATACCAACATCAAGT,1,7,15,899,1578
CATACCAACGCTGATC,1,8,15,980,1578
CATACCAAACAAGCTA,1,9,15,1060,1579
CATACCAACTGTAGCC,1,10,15,1141,1579
CATACCAAAGTACAAG,1,11,15,1221,1579
CATACCAAAACAACCA,1,12,15,1302,1579
CATACCAAAACCGAGA,1,13,15,1382,1580
CATACCAAAACGCTTA,1,14,15,1463,1580
CATACCAAAAGACGGA,1,15,15,1543,1580
CATACCAAAAGGTACA,1,16,15,1624,1580
CATACCAAACACAGAA,1,17,15,1704,1581
CATACCAAACAGCAGA,1,18,15,1785,1581
CATACCAAACCTCCAA,1,19,15,1865,1581
CATACCAAACGCTCGA,1,20,15,1946,1582
CATACCAAACGTATCA,1,21,15,2026,1582
CATACCAAACTATGCA,1,22,15,2107,1582
CATACCAAAGAGTCAA,1,23,15,2187,1582
CATACCAAAGATCGCA,1,24,15,2268,1583
CATACCAAAGCAGGAA,1,25,15,2348,1583
CATACCAAAGTCACTA,1,26,15,2429,1583
CATACCAAATCCTGTA,1,27,15,2509,1583
CATACCAAATTGAGGA,1,28,15,2590,1584
CATACCAACAACCACA,1,29,15,2670,1584
CATACCAAGACTAGTA,1,30,15,2751,1584
CATACCAACAATGGAA,1,31,15,2831,1585
CATACCAACACTTCGA,1,32,15,2912,1585
CATACCAACAGCGTTA,1,33,15,2992,1585
CATACCAACATACCAA,1,34,15,3073,1585
CATACCAACCAGTTCA,1,35,15,3153,1586
CATACCAACCGAAGTA,1,36,15,3234,1586
CATACCAACCGTGAGA,1,37,15,3314,1586
CATACCAACCTCCTGA,1,38,15,3395,1586
CATACCAACGAACTTA,1,39,15,3475,1587
CATACCAACGACTGGA,1,40,15,3556,1587
CATACCAACGCATACA,1,41,15,3637,1587
CATACCAACTCAATGA,1,42,15,3717,1587
CATACCAACTGAGCCA,1,43,15,3798,1588
CATACCAACTGGCATA,1,44,15,3878,1588
CATACCAAGAATCTGA,1,45,15,3959,1588
CATACCAACAAGACTA,1,46,15,4039,1589
CATACCAAGAGCTGAA,1,47,15,4120,1589
CATACCAAGATAGACA,1,48,15,4200,1589
CATACCAAGCCACATA,1,49,15,4281,1589
CAGCGTTAAACGTGAT,1,0,16,336,1656
CAGCGTTAAAACATCG,1,1,16,416,1657
CAGCGTTAATGCCTAA,1,2,16,497,1657
CAGCGTTAAGTGGTCA,1,3,16,577,1657
CAGCGTTAACCACTGT,1,4,16,658,1657
CAGCGTTAACATTGGC,1,5,16,738,1658
CAGCGTTACAGATCTG,1,6,16,819,1658
CAGCGTTACATCAAGT,1,7,16,899,1658
CAGCGTTACGCTGATC,1,8,16,980,1658
CAGCGTTAACAAGCTA,1,9,16,1060,1659
CAGCGTTACTGTAGCC,1,10,16,1141,1659
CAGCGTTAAGTACAAG,1,11,16,1221,1659
CAGCGTTAAACAACCA,1,12,16,1302,1659
CAGCGTTAAACCGAGA,1,13,16,1382,1660
CAGCGTTAAACGCTTA,1,14,16,1463,1660
CAGCGTTAAAGACGGA,1,15,16,1543,1660
CAGCGTTAAAGGTACA,1,16,16,1624,1661
CAGCGTTAACACAGAA,1,17,16,1704,1661
CAGCGTTAACAGCAGA,1,18,16,1785,1661
CAGCGTTAACCTCCAA,1,19,16,1865,1661
CAGCGTTAACGCTCGA,1,20,16,1946,1662
CAGCGTTAACGTATCA,1,21,16,2026,1662
CAGCGTTAACTATGCA,1,22,16,2107,1662
CAGCGTTAAGAGTCAA,1,23,16,2187,1662
CAGCGTTAAGATCGCA,1,24,16,2268,1663
CAGCGTTAAGCAGGAA,1,25,16,2348,1663
CAGCGTTAAGTCACTA,1,26,16,2429,1663
CAGCGTTAATCCTGTA,1,27,16,2509,1664
CAGCGTTAATTGAGGA,1,28,16,2590,1664
CAGCGTTACAACCACA,1,29,16,2670,1664
CAGCGTTAGACTAGTA,1,30,16,2751,1664
CAGCGTTACAATGGAA,1,31,16,2831,1665
CAGCGTTACACTTCGA,1,32,16,2912,1665
CAGCGTTACAGCGTTA,1,33,16,2992,1665
CAGCGTTACATACCAA,1,34,16,3073,1665
CAGCGTTACCAGTTCA,1,35,16,3153,1666
CAGCGTTACCGAAGTA,1,36,16,3234,1666
CAGCGTTACCGTGAGA,1,37,16,3315,1666
CAGCGTTACCTCCTGA,1,38,16,3395,1667
CAGCGTTACGAACTTA,1,39,16,3476,1667
CAGCGTTACGACTGGA,1,40,16,3556,1667
CAGCGTTACGCATACA,1,41,16,3637,1667
CAGCGTTACTCAATGA,1,42,16,3717,1668
CAGCGTTACTGAGCCA,1,43,16,3798,1668
CAGCGTTACTGGCATA,1,44,16,3878,1668
CAGCGTTAGAATCTGA,1,45,16,3959,1668
CAGCGTTACAAGACTA,1,46,16,4039,1669
CAGCGTTAGAGCTGAA,1,47,16,4120,1669
CAGCGTTAGATAGACA,1,48,16,4200,1669
CAGCGTTAGCCACATA,1,49,16,4281,1669
CACTTCGAAACGTGAT,1,0,17,336,1736
CACTTCGAAAACATCG,1,1,17,416,1737
CACTTCGAATGCCTAA,1,2,17,497,1737
CACTTCGAAGTGGTCA,1,3,17,577,1737
CACTTCGAACCACTGT,1,4,17,658,1737
CACTTCGAACATTGGC,1,5,17,738,1738
CACTTCGACAGATCTG,1,6,17,819,1738
CACTTCGACATCAAGT,1,7,17,899,1738
CACTTCGACGCTGATC,1,8,17,980,1739
CACTTCGAACAAGCTA,1,9,17,1060,1739
CACTTCGACTGTAGCC,1,10,17,1141,1739
CACTTCGAAGTACAAG,1,11,17,1221,1739
CACTTCGAAACAACCA,1,12,17,1302,1740
CACTTCGAAACCGAGA,1,13,17,1382,1740
CACTTCGAAACGCTTA,1,14,17,1463,1740
CACTTCGAAAGACGGA,1,15,17,1543,1740
CACTTCGAAAGGTACA,1,16,17,1624,1741
CACTTCGAACACAGAA,1,17,17,1704,1741
CACTTCGAACAGCAGA,1,18,17,1785,1741
CACTTCGAACCTCCAA,1,19,17,1865,1741
CACTTCGAACGCTCGA,1,20,17,1946,1742
CACTTCGAACGTATCA,1,21,17,2026,1742
CACTTCGAACTATGCA,1,22,17,2107,1742
CACTTCGAAGAGTCAA,1,23,17,2187,1743
CACTTCGAAGATCGCA,1,24,17,2268,1743
CACTTCGAAGCAGGAA,1,25,17,2348,1743
CACTTCGAAGTCACTA,1,26,17,2429,1743
CACTTCGAATCCTGTA,1,27,17,2509,1744
CACTTCGAATTGAGGA,1,28,17,2590,1744
CACTTCGACAACCACA,1,29,17,2670,1744
CACTTCGAGACTAGTA,1,30,17,2751,1744
CACTTCGACAATGGAA,1,31,17,2832,1745
CACTTCGACACTTCGA,1,32,17,2912,1745
CACTTCGACAGCGTTA,1,33,17,2993,1745
CACTTCGACATACCAA,1,34,17,3073,1746
CACTTCGACCAGTTCA,1,35,17,3154,1746
CACTTCGACCGAAGTA,1,36,17,3234,1746
CACTTCGACCGTGAGA,1,37,17,3315,1746
CACTTCGACCTCCTGA,1,38,17,3395,1747
CACTTCGACGAACTTA,1,39,17,3476,1747
CACTTCGACGACTGGA,1,40,17,3556,1747
CACTTCGACGCATACA,1,41,17,3637,1747
CACTTCGACTCAATGA,1,42,17,3717,1748
CACTTCGACTGAGCCA,1,43,17,3798,1748
CACTTCGACTGGCATA,1,44,17,3878,1748
CACTTCGAGAATCTGA,1,45,17,3959,1749
CACTTCGACAAGACTA,1,46,17,4039,1749
CACTTCGAGAGCTGAA,1,47,17,4120,1749
CACTTCGAGATAGACA,1,48,17,4200,1749
CACTTCGAGCCACATA,1,49,17,4281,1750
CAATGGAAAACGTGAT,1,0,18,336,1816
CAATGGAAAAACATCG,1,1,18,416,1817
CAATGGAAATGCCTAA,1,2,18,497,1817
CAATGGAAAGTGGTCA,1,3,18,577,1817
CAATGGAAACCACTGT,1,4,18,658,1818
CAATGGAAACATTGGC,1,5,18,738,1818
CAATGGAACAGATCTG,1,6,18,819,1818
CAATGGAACATCAAGT,1,7,18,899,1818
CAATGGAACGCTGATC,1,8,18,980,1819
CAATGGAAACAAGCTA,1,9,18,1060,1819
CAATGGAACTGTAGCC,1,10,18,1141,1819
CAATGGAAAGTACAAG,1,11,18,1221,1819
CAATGGAAAACAACCA,1,12,18,1302,1820
CAATGGAAAACCGAGA,1,13,18,1382,1820
CAATGGAAAACGCTTA,1,14,18,1463,1820
CAATGGAAAAGACGGA,1,15,18,1543,1821
CAATGGAAAAGGTACA,1,16,18,1624,1821
CAATGGAAACACAGAA,1,17,18,1704,1821
CAATGGAAACAGCAGA,1,18,18,1785,1821
CAATGGAAACCTCCAA,1,19,18,1865,1822
CAATGGAAACGCTCGA,1,20,18,1946,1822
CAATGGAAACGTATCA,1,21,18,2026,1822
CAATGGAAACTATGCA,1,22,18,2107,1822
CAATGGAAAGAGTCAA,1,23,18,2187,1823
CAATGGAAAGATCGCA,1,24,18,2268,1823
CAATGGAAAGCAGGAA,1,25,18,2348,1823
CAATGGAAAGTCACTA,1,26,18,2429,1823
CAATGGAAATCCTGTA,1,27,18,2510,1824
CAATGGAAATTGAGGA,1,28,18,2590,1824
CAATGGAACAACCACA,1,29,18,2671,1824
CAATGGAAGACTAGTA,1,30,18,2751,1825
CAATGGAACAATGGAA,1,31,18,2832,1825
CAATGGAACACTTCGA,1,32,18,2912,1825
CAATGGAACAGCGTTA,1,33,18,2993,1825
CAATGGAACATACCAA,1,34,18,3073,1826
CAATGGAACCAGTTCA,1,35,18,3154,1826
CAATGGAACCGAAGTA,1,36,18,3234,1826
CAATGGAACCGTGAGA,1,37,18,3315,1826
CAATGGAACCTCCTGA,1,38,18,3395,1827
CAATGGAACGAACTTA,1,39,18,3476,1827
CAATGGAACGACTGGA,1,40,18,3556,1827
CAATGGAACGCATACA,1,41,18,3637,1828
CAATGGAACTCAATGA,1,42,18,3717,1828
CAATGGAACTGAGCCA,1,43,18,3798,1828
CAATGGAACTGGCATA,1,44,18,3878,1828
CAATGGAAGAATCTGA,1,45,18,3959,1829
CAATGGAACAAGACTA,1,46,18,4039,1829
CAATGGAAGAGCTGAA,1,47,18,4120,1829
CAATGGAAGATAGACA,1,48,18,4200,1829
CAATGGAAGCCACATA,1,49,18,4281,1830
GACTAGTAAACGTGAT,1,0,19,336,1897
GACTAGTAAAACATCG,1,1,19,416,1897
GACTAGTAATGCCTAA,1,2,19,497,1897
GACTAGTAAGTGGTCA,1,3,19,577,1897
GACTAGTAACCACTGT,1,4,19,658,1898
GACTAGTAACATTGGC,1,5,19,738,1898
GACTAGTACAGATCTG,1,6,19,819,1898
GACTAGTACATCAAGT,1,7,19,899,1898
GACTAGTACGCTGATC,1,8,19,980,1899
GACTAGTAACAAGCTA,1,9,19,1060,1899
GACTAGTACTGTAGCC,1,10,19,1141,1899
GACTAGTAAGTACAAG,1,11,19,1221,1900
GACTAGTAAACAACCA,1,12,19,1302,1900
GACTAGTAAACCGAGA,1,13,19,1382,1900
GACTAGTAAACGCTTA,1,14,19,1463,1900
GACTAGTAAAGACGGA,1,15,19,1543,1901
GACTAGTAAAGGTACA,1,16,19,1624,1901
GACTAGTAACACAGAA,1,17,19,1704,1901
GACTAGTAACAGCAGA,1,18,19,1785,1901
GACTAGTAACCTCCAA,1,19,19,1865,1902
GACTAGTAACGCTCGA,1,20,19,1946,1902
GACTAGTAACGTATCA,1,21,19,2027,1902
GACTAGTAACTATGCA,1,22,19,2107,1903
GACTAGTAAGAGTCAA,1,23,19,2188,1903
GACTAGTAAGATCGCA,1,24,19,2268,1903
GACTAGTAAGCAGGAA,1,25,19,2349,1903
GACTAGTAAGTCACTA,1,26,19,2429,1904
GACTAGTAATCCTGTA,1,27,19,2510,1904
GACTAGTAATTGAGGA,1,28,19,2590,1904
GACTAGTACAACCACA,1,29,19,2671,1904
GACTAGTAGACTAGTA,1,30,19,2751,1905
GACTAGTACAATGGAA,1,31,19,2832,1905
GACTAGTACACTTCGA,1,32,19,2912,1905
GACTAGTACAGCGTTA,1,33,19,2993,1905
GACTAGTACATACCAA,1,34,19,3073,1906
GACTAGTACCAGTTCA,1,35,19,3154,1906
GACTAGTACCGAAGTA,1,36,19,3234,1906
GACTAGTACCGTGAGA,1,37,19,3315,1907
GACTAGTACCTCCTGA,1,38,19,3395,1907
GACTAGTACGAACTTA,1,39,19,3476,1907
GACTAGTACGACTGGA,1,40,19,3556,1907
GACTAGTACGCATACA,1,41,19,3637,1908
GACTAGTACTCAATGA,1,42,19,3717,1908
GACTAGTACTGAGCCA,1,43,19,3798,1908
GACTAGTACTGGCATA,1,44,19,3878,1908
GACTAGTAGAATCTGA,1,45,19,3959,1909
GACTAGTACAAGACTA,1,46,19,4039,1909
GACTAGTAGAGCTGAA,1,47,19,4120,1909
GACTAGTAGATAGACA,1,48,19,4200,1910
GACTAGTAGCCACATA,1,49,19,4281,1910
CAACCACAAACGTGAT,1,0,20,336,1977
CAACCACAAAACATCG,1,1,20,416,1977
CAACCACAATGCCTAA,1,2,20,497,1977
CAACCACAAGTGGTCA,1,3,20,577,1977
CAACCACAACCACTGT,1,4,20,658,1978
CAACCACAACATTGGC,1,5,20,738,1978
CAACCACACAGATCTG,1,6,20,819,1978
CAACCACACATCAAGT,1,7,20,899,1979
CAACCACACGCTGATC,1,8,20,980,1979
CAACCACAACAAGCTA,1,9,20,1060,1979
CAACCACACTGTAGCC,1,10,20,1141,1979
CAACCACAAGTACAAG,1,11,20,1221,1980
CAACCACAAACAACCA,1,12,20,1302,1980
CAACCACAAACCGAGA,1,13,20,1382,1980
CAACCACAAACGCTTA,1,14,20,1463,1980
CAACCACAAAGACGGA,1,15,20,1543,1981
CAACCACAAAGGTACA,1,16,20,1624,1981
CAACCACAACACAGAA,1,17,20,1705,1981
CAACCACAACAGCAGA,1,18,20,1785,1982
CAACCACAACCTCCAA,1,19,20,1866,1982
CAACCACAACGCTCGA,1,20,20,1946,1982
CAACCACAACGTATCA,1,21,20,2027,1982
CAACCACAACTATGCA,1,22,20,2107,1983
CAACCACAAGAGTCAA,1,23,20,2188,1983
CAACCACAAGATCGCA,1,24,20,2268,1983
CAACCACAAGCAGGAA,1,25,20,2349,1983
CAACCACAAGTCACTA,1,26,20,2429,1984
CAACCACAATCCTGTA,1,27,20,2510,1984
CAACCACAATTGAGGA,1,28,20,2590,1984
CAACCACACAACCACA,1,29,20,2671,1985
CAACCACAGACTAGTA,1,30,20,2751,1985
CAACCACACAATGGAA,1,31,20,2832,1985
CAACCACACACTTCGA,1,32,20,2912,1985
CAACCACACAGCGTTA,1,33,20,2993,1986
CAACCACACATACCAA,1,34,20,3073,1986
CAACCACACCAGTTCA,1,35,20,3154,1986
CAACCACACCGAAGTA,1,36,20,3234,1986
CAACCACACCGTGAGA,1,37,20,3315,1987
CAACCACACCTCCTGA,1,38,20,3395,1987
CAACCACACGAACTTA,1,39,20,3476,1987
CAACCACACGACTGGA,1,40,20,3556,1987
CAACCACACGCATACA,1,41,20,3637,1988
CAACCACACTCAATGA,1,42,20,3717,1988
CAACCACACTGAGCCA,1,43,20,3798,1988
CAACCACACTGGCATA,1,44,20,3878,1989
CAACCACAGAATCTGA,1,45,20,3959,1989
CAACCACACAAGACTA,1,46,20,4039,1989
CAACCACAGAGCTGAA,1,47,20,4120,1989
CAACCACAGATAGACA,1,48,20,4200,1990
CAACCACAGCCACATA,1,49,20,4281,1990
ATTGAGGAAACGTGAT,1,0,21,336,2057
ATTGAGGAAAACATCG,1,1,21,416,2057
ATTGAGGAATGCCTAA,1,2,21,497,2057
ATTGAGGAAGTGGTCA,1,3,21,577,2058
ATTGAGGAACCACTGT,1,4,21,658,2058
ATTGAGGAACATTGGC,1,5,21,738,2058
ATTGAGGACAGATCTG,1,6,21,819,2058
ATTGAGGACATCAAGT,1,7,21,899,2059
ATTGAGGACGCTGATC,1,8,21,980,2059
ATTGAGGAACAAGCTA,1,9,21,1060,2059
ATTGAGGACTGTAGCC,1,10,21,1141,2059
ATTGAGGAAGTACAAG,1,11,21,1222,2060
ATTGAGGAAACAACCA,1,12,21,1302,2060
ATTGAGGAAACCGAGA,1,13,21,1383,2060
ATTGAGGAAACGCTTA,1,14,21,1463,2061
ATTGAGGAAAGACGGA,1,15,21,1544,2061
ATTGAGGAAAGGTACA,1,16,21,1624,2061
ATTGAGGAACACAGAA,1,17,21,1705,2061
ATTGAGGAACAGCAGA,1,18,21,1785,2062
ATTGAGGAACCTCCAA,1,19,21,1866,2062
ATTGAGGAACGCTCGA,1,20,21,1946,2062
ATTGAGGAACGTATCA,1,21,21,2027,2062
ATTGAGGAACTATGCA,1,22,21,2107,2063
ATTGAGGAAGAGTCAA,1,23,21,2188,2063
ATTGAGGAAGATCGCA,1,24,21,2268,2063
ATTGAGGAAGCAGGAA,1,25,21,2349,2064
ATTGAGGAAGTCACTA,1,26,21,2429,2064
ATTGAGGAATCCTGTA,1,27,21,2510,2064
ATTGAGGAATTGAGGA,1,28,21,2590,2064
ATTGAGGACAACCACA,1,29,21,2671,2065
ATTGAGGAGACTAGTA,1,30,21,2751,2065
ATTGAGGACAATGGAA,1,31,21,2832,2065
ATTGAGGACACTTCGA,1,32,21,2912,2065
ATTGAGGACAGCGTTA,1,33,21,2993,2066
ATTGAGGACATACCAA,1,34,21,3073,2066
ATTGAGGACCAGTTCA,1,35,21,3154,2066
ATTGAGGACCGAAGTA,1,36,21,3234,2067
ATTGAGGACCGTGAGA,1,37,21,3315,2067
ATTGAGGACCTCCTGA,1,38,21,3395,2067
ATTGAGGACGAACTTA,1,39,21,3476,2067
ATTGAGGACGACTGGA,1,40,21,3556,2068
ATTGAGGACGCATACA,1,41,21,3637,2068
ATTGAGGACTCAATGA,1,42,21,3717,2068
ATTGAGGACTGAGCCA,1,43,21,3798,2068
ATTGAGGACTGGCATA,1,44,21,3878,2069
ATTGAGGAGAATCTGA,1,45,21,3959,2069
ATTGAGGACAAGACTA,1,46,21,4039,2069
ATTGAGGAGAGCTGAA,1,47,21,4120,2069
ATTGAGGAGATAGACA,1,48,21,4201,2070
ATTGAGGAGCCACATA,1,49,21,4281,2070
ATCCTGTAAACGTGAT,1,0,22,336,2137
ATCCTGTAAAACATCG,1,1,22,416,2137
ATCCTGTAATGCCTAA,1,2,22,497,2137
ATCCTGTAAGTGGTCA,1,3,22,577,2138
ATCCTGTAACCACTGT,1,4,22,658,2138
ATCCTGTAACATTGGC,1,5,22,738,2138
ATCCTGTACAGATCTG,1,6,22,819,2139
ATCCTGTACATCAAGT,1,7,22,900,2139
ATCCTGTACGCTGATC,1,8,22,980,2139
ATCCTGTAACAAGCTA,1,9,22,1061,2139
ATCCTGTACTGTAGCC,1,10,22,1141,2140
ATCCTGTAAGTACAAG,1,11,22,1222,2140
ATCCTGTAAACAACCA,1,12,22,1302,2140
ATCCTGTAAACCGAGA,1,13,22,1383,2140
ATCCTGTAAACGCTTA,1,14,22,1463,2141
ATCCTGTAAAGACGGA,1,15,22,1544,2141
ATCCTGTAAAGGTACA,1,16,22,1624,2141
ATCCTGTAACACAGAA,1,17,22,1705,2141
ATCCTGTAACAGCAGA,1,18,22,1785,2142
ATCCTGTAACCTCCAA,1,19,22,1866,2142
ATCCTGTAACGCTCGA,1,20,22,1946,2142
ATCCTGTAACGTATCA,1,21,22,2027,2143
ATCCTGTAACTATGCA,1,22,22,2107,2143
ATCCTGTAAGAGTCAA,1,23,22,2188,2143
ATCCTGTAAGATCGCA,1,24,22,2268,2143
ATCCTGTAAGCAGGAA,1,25,22,2349,2144
ATCCTGTAAGTCACTA,1,26,22,2429,2144
ATCCTGTAATCCTGTA,1,27,22,2510,2144
ATCCTGTAATTGAGGA,1,28,22,2590,2144
ATCCTGTACAACCACA,1,29,22,2671,2145
ATCCTGTAGACTAGTA,1,30,22,2751,2145
ATCCTGTACAATGGAA,1,31,22,2832,2145
ATCCTGTACACTTCGA,1,32,22,2912,2146
ATCCTGTACAGCGTTA,1,33,22,2993,2146
ATCCTGTACATACCAA,1,34,22,3073,2146
ATCCTGTACCAGTTCA,1,35,22,3154,2146
ATCCTGTACCGAAGTA,1,36,22,3234,2147
ATCCTGTACCGTGAGA,1,37,22,3315,2147
ATCCTGTACCTCCTGA,1,38,22,3395,2147
ATCCTGTACGAACTTA,1,39,22,3476,2147
ATCCTGTACGACTGGA,1,40,22,3556,2148
ATCCTGTACGCATACA,1,41,22,3637,2148
ATCCTGTACTCAATGA,1,42,22,3717,2148
ATCCTGTACTGAGCCA,1,43,22,3798,2149
ATCCTGTACTGGCATA,1,44,22,3879,2149
ATCCTGTAGAATCTGA,1,45,22,3959,2149
ATCCTGTACAAGACTA,1,46,22,4040,2149
ATCCTGTAGAGCTGAA,1,47,22,4120,2150
ATCCTGTAGATAGACA,1,48,22,4201,2150
ATCCTGTAGCCACATA,1,49,22,4281,2150
AGTCACTAAACGTGAT,1,0,23,336,2217
AGTCACTAAAACATCG,1,1,23,416,2217
AGTCACTAATGCCTAA,1,2,23,497,2218
AGTCACTAAGTGGTCA,1,3,23,578,2218
AGTCACTAACCACTGT,1,4,23,658,2218
AGTCACTAACATTGGC,1,5,23,739,2218
AGTCACTACAGATCTG,1,6,23,819,2219
AGTCACTACATCAAGT,1,7,23,900,2219
AGTCACTACGCTGATC,1,8,23,980,2219
AGTCACTAACAAGCTA,1,9,23,1061,2219
AGTCACTACTGTAGCC,1,10,23,1141,2220
AGTCACTAAGTACAAG,1,11,23,1222,2220
AGTCACTAAACAACCA,1,12,23,1302,2220
AGTCACTAAACCGAGA,1,13,23,1383,2221
AGTCACTAAACGCTTA,1,14,23,1463,2221
AGTCACTAAAGACGGA,1,15,23,1544,2221
AGTCACTAAAGGTACA,1,16,23,1624,2221
AGTCACTAACACAGAA,1,17,23,1705,2222
AGTCACTAACAGCAGA,1,18,23,1785,2222
AGTCACTAACCTCCAA,1,19,23,1866,2222
AGTCACTAACGCTCGA,1,20,23,1946,2222
AGTCACTAACGTATCA,1,21,23,2027,2223
AGTCACTAACTATGCA,1,22,23,2107,2223
AGTCACTAAGAGTCAA,1,23,23,2188,2223
AGTCACTAAGATCGCA,1,24,23,2268,2223
AGTCACTAAGCAGGAA,1,25,23,2349,2224
AGTCACTAAGTCACTA,1,26,23,2429,2224
AGTCACTAATCCTGTA,1,27,23,2510,2224
AGTCACTAATTGAGGA,1,28,23,2590,2225
AGTCACTACAACCACA,1,29,23,2671,2225
AGTCACTAGACTAGTA,1,30,23,2751,2225
AGTCACTACAATGGAA,1,31,23,2832,2225
AGTCACTACACTTCGA,1,32,23,2912,2226
AGTCACTACAGCGTTA,1,33,23,2993,2226
AGTCACTACATACCAA,1,34,23,3073,2226
AGTCACTACCAGTTCA,1,35,23,3154,2226
AGTCACTACCGAAGTA,1,36,23,3234,2227
AGTCACTACCGTGAGA,1,37,23,3315,2227
AGTCACTACCTCCTGA,1,38,23,3396,2227
AGTCACTACGAACTTA,1,39,23,3476,2228
AGTCACTACGACTGGA,1,40,23,3557,2228
AGTCACTACGCATACA,1,41,23,3637,2228
AGTCACTACTCAATGA,1,42,23,3718,2228
AGTCACTACTGAGCCA,1,43,23,3798,2229
AGTCACTACTGGCATA,1,44,23,3879,2229
AGTCACTAGAATCTGA,1,45,23,3959,2229
AGTCACTACAAGACTA,1,46,23,4040,2229
AGTCACTAGAGCTGAA,1,47,23,4120,2230
AGTCACTAGATAGACA,1,48,23,4201,2230
AGTCACTAGCCACATA,1,49,23,4281,2230
AGCAGGAAAACGTGAT,1,0,24,336,2297
AGCAGGAAAAACATCG,1,1,24,417,2297
AGCAGGAAATGCCTAA,1,2,24,497,2298
AGCAGGAAAGTGGTCA,1,3,24,578,2298
AGCAGGAAACCACTGT,1,4,24,658,2298
AGCAGGAAACATTGGC,1,5,24,739,2298
AGCAGGAACAGATCTG,1,6,24,819,2299
AGCAGGAACATCAAGT,1,7,24,900,2299
AGCAGGAACGCTGATC,1,8,24,980,2299
AGCAGGAAACAAGCTA,1,9,24,1061,2300
AGCAGGAACTGTAGCC,1,10,24,1141,2300
AGCAGGAAAGTACAAG,1,11,24,1222,2300
AGCAGGAAAACAACCA,1,12,24,1302,2300
AGCAGGAAAACCGAGA,1,13,24,1383,2301
AGCAGGAAAACGCTTA,1,14,24,1463,2301
AGCAGGAAAAGACGGA,1,15,24,1544,2301
AGCAGGAAAAGGTACA,1,16,24,1624,2301
AGCAGGAAACACAGAA,1,17,24,1705,2302
AGCAGGAAACAGCAGA,1,18,24,1785,2302
AGCAGGAAACCTCCAA,1,19,24,1866,2302
AGCAGGAAACGCTCGA,1,20,24,1946,2303
AGCAGGAAACGTATCA,1,21,24,2027,2303
AGCAGGAAACTATGCA,1,22,24,2107,2303
AGCAGGAAAGAGTCAA,1,23,24,2188,2303
AGCAGGAAAGATCGCA,1,24,24,2268,2304
AGCAGGAAAGCAGGAA,1,25,24,2349,2304
AGCAGGAAAGTCACTA,1,26,24,2429,2304
AGCAGGAAATCCTGTA,1,27,24,2510,2304
AGCAGGAAATTGAGGA,1,28,24,2590,2305
AGCAGGAACAACCACA,1,29,24,2671,2305
AGCAGGAAGACTAGTA,1,30,24,2751,2305
AGCAGGAACAATGGAA,1,31,24,2832,2305
AGCAGGAACACTTCGA,1,32,24,2912,2306
AGCAGGAACAGCGTTA,1,33,24,2993,2306
AGCAGGAACATACCAA,1,34,24,3074,2306
AGCAGGAACCAGTTCA,1,35,24,3154,2307
AGCAGGAACCGAAGTA,1,36,24,3235,2307
AGCAGGAACCGTGAGA,1,37,24,3315,2307
AGCAGGAACCTCCTGA,1,38,24,3396,2307
AGCAGGAACGAACTTA,1,39,24,3476,2308
AGCAGGAACGACTGGA,1,40,24,3557,2308
AGCAGGAACGCATACA,1,41,24,3637,2308
AGCAGGAACTCAATGA,1,42,24,3718,2308
AGCAGGAACTGAGCCA,1,43,24,3798,2309
AGCAGGAACTGGCATA,1,44,24,3879,2309
AGCAGGAAGAATCTGA,1,45,24,3959,2309
AGCAGGAACAAGACTA,1,46,24,4040,2310
AGCAGGAAGAGCTGAA,1,47,24,4120,2310
AGCAGGAAGATAGACA,1,48,24,4201,2310
AGCAGGAAGCCACATA,1,49,24,4281,2310
AGATCGCAAACGTGAT,1,0,25,336,2377
AGATCGCAAAACATCG,1,1,25,417,2377
AGATCGCAATGCCTAA,1,2,25,497,2378
AGATCGCAAGTGGTCA,1,3,25,578,2378
AGATCGCAACCACTGT,1,4,25,658,2378
AGATCGCAACATTGGC,1,5,25,739,2379
AGATCGCACAGATCTG,1,6,25,819,2379
AGATCGCACATCAAGT,1,7,25,900,2379
AGATCGCACGCTGATC,1,8,25,980,2379
AGATCGCAACAAGCTA,1,9,25,1061,2380
AGATCGCACTGTAGCC,1,10,25,1141,2380
AGATCGCAAGTACAAG,1,11,25,1222,2380
AGATCGCAAACAACCA,1,12,25,1302,2380
AGATCGCAAACCGAGA,1,13,25,1383,2381
AGATCGCAAACGCTTA,1,14,25,1463,2381
AGATCGCAAAGACGGA,1,15,25,1544,2381
AGATCGCAAAGGTACA,1,16,25,1624,2382
AGATCGCAACACAGAA,1,17,25,1705,2382
AGATCGCAACAGCAGA,1,18,25,1785,2382
AGATCGCAACCTCCAA,1,19,25,1866,2382
AGATCGCAACGCTCGA,1,20,25,1946,2383
AGATCGCAACGTATCA,1,21,25,2027,2383
AGATCGCAACTATGCA,1,22,25,2107,2383
AGATCGCAAGAGTCAA,1,23,25,2188,2383
AGATCGCAAGATCGCA,1,24,25,2268,2384
AGATCGCAAGCAGGAA,1,25,25,2349,2384
AGATCGCAAGTCACTA,1,26,25,2429,2384
AGATCGCAATCCTGTA,1,27,25,2510,2385
AGATCGCAATTGAGGA,1,28,25,2591,2385
AGATCGCACAACCACA,1,29,25,2671,2385
AGATCGCAGACTAGTA,1,30,25,2752,2385
AGATCGCACAATGGAA,1,31,25,2832,2386
AGATCGCACACTTCGA,1,32,25,2913,2386
AGATCGCACAGCGTTA,1,33,25,2993,2386
AGATCGCACATACCAA,1,34,25,3074,2386
AGATCGCACCAGTTCA,1,35,25,3154,2387
AGATCGCACCGAAGTA,1,36,25,3235,2387
AGATCGCACCGTGAGA,1,37,25,3315,2387
AGATCGCACCTCCTGA,1,38,25,3396,2387
AGATCGCACGAACTTA,1,39,25,3476,2388
AGATCGCACGACTGGA,1,40,25,3557,2388
AGATCGCACGCATACA,1,41,25,3637,2388
AGATCGCACTCAATGA,1,42,25,3718,2389
AGATCGCACTGAGCCA,1,43,25,3798,2389
AGATCGCACTGGCATA,1,44,25,3879,2389
AGATCGCAGAATCTGA,1,45,25,3959,2389
AGATCGCACAAGACTA,1,46,25,4040,2390
AGATCGCAGAGCTGAA,1,47,25,4120,2390
AGATCGCAGATAGACA,1,48,25,4201,2390
AGATCGCAGCCACATA,1,49,25,4281,2390
AGAGTCAAAACGTGAT,1,0,26,336,2457
AGAGTCAAAAACATCG,1,1,26,417,2458
AGAGTCAAATGCCTAA,1,2,26,497,2458
AGAGTCAAAGTGGTCA,1,3,26,578,2458
AGAGTCAAACCACTGT,1,4,26,658,2458
AGAGTCAAACATTGGC,1,5,26,739,2459
AGAGTCAACAGATCTG,1,6,26,819,2459
AGAGTCAACATCAAGT,1,7,26,900,2459
AGAGTCAACGCTGATC,1,8,26,980,2459
AGAGTCAAACAAGCTA,1,9,26,1061,2460
AGAGTCAACTGTAGCC,1,10,26,1141,2460
AGAGTCAAAGTACAAG,1,11,26,1222,2460
AGAGTCAAAACAACCA,1,12,26,1302,2461
AGAGTCAAAACCGAGA,1,13,26,1383,2461
AGAGTCAAAACGCTTA,1,14,26,1463,2461
AGAGTCAAAAGACGGA,1,15,26,1544,2461
AGAGTCAAAAGGTACA,1,16,26,1624,2462
AGAGTCAAACACAGAA,1,17,26,1705,2462
AGAGTCAAACAGCAGA,1,18,26,1785,2462
AGAGTCAAACCTCCAA,1,19,26,1866,2462
AGAGTCAAACGCTCGA,1,20,26,1946,2463
AGAGTCAAACGTATCA,1,21,26,2027,2463
AGAGTCAAACTATGCA,1,22,26,2107,2463
AGAGTCAAAGAGTCAA,1,23,26,2188,2464
AGAGTCAAAGATCGCA,1,24,26,2269,2464
AGAGTCAAAGCAGGAA,1,25,26,2349,2464
AGAGTCAAAGTCACTA,1,26,26,2430,2464
AGAGTCAAATCCTGTA,1,27,26,2510,2465
AGAGTCAAATTGAGGA,1,28,26,2591,2465
AGAGTCAACAACCACA,1,29,26,2671,2465
AGAGTCAAGACTAGTA,1,30,26,2752,2465
AGAGTCAACAATGGAA,1,31,26,2832,2466
AGAGTCAACACTTCGA,1,32,26,2913,2466
AGAGTCAACAGCGTTA,1,33,26,2993,2466
AGAGTCAACATACCAA,1,34,26,3074,2467
AGAGTCAACCAGTTCA,1,35,26,3154,2467
AGAGTCAACCGAAGTA,1,36,26,3235,2467
AGAGTCAACCGTGAGA,1,37,26,3315,2467
AGAGTCAACCTCCTGA,1,38,26,3396,2468
AGAGTCAACGAACTTA,1,39,26,3476,2468
AGAGTCAACGACTGGA,1,40,26,3557,2468
AGAGTCAACGCATACA,1,41,26,3637,2468
AGAGTCAACTCAATGA,1,42,26,3718,2469
AGAGTCAACTGAGCCA,1,43,26,3798,2469
AGAGTCAACTGGCATA,1,44,26,3879,2469
AGAGTCAAGAATCTGA,1,45,26,3959,2469
AGAGTCAACAAGACTA,1,46,26,4040,2470
AGAGTCAAGAGCTGAA,1,47,26,4120,2470
AGAGTCAAGATAGACA,1,48,26,4201,2470
AGAGTCAAGCCACATA,1,49,26,4281,2471
ACTATGCAAACGTGAT,1,0,27,336,2537
ACTATGCAAAACATCG,1,1,27,417,2538
ACTATGCAATGCCTAA,1,2,27,497,2538
ACTATGCAAGTGGTCA,1,3,27,578,2538
ACTATGCAACCACTGT,1,4,27,658,2539
ACTATGCAACATTGGC,1,5,27,739,2539
ACTATGCACAGATCTG,1,6,27,819,2539
ACTATGCACATCAAGT,1,7,27,900,2539
ACTATGCACGCTGATC,1,8,27,980,2540
ACTATGCAACAAGCTA,1,9,27,1061,2540
ACTATGCACTGTAGCC,1,10,27,1141,2540
ACTATGCAAGTACAAG,1,11,27,1222,2540
ACTATGCAAACAACCA,1,12,27,1302,2541
ACTATGCAAACCGAGA,1,13,27,1383,2541
ACTATGCAAACGCTTA,1,14,27,1463,2541
ACTATGCAAAGACGGA,1,15,27,1544,2541
ACTATGCAAAGGTACA,1,16,27,1624,2542
ACTATGCAACACAGAA,1,17,27,1705,2542
ACTATGCAACAGCAGA,1,18,27,1786,2542
ACTATGCAACCTCCAA,1,19,27,1866,2543
ACTATGCAACGCTCGA,1,20,27,1947,2543
ACTATGCAACGTATCA,1,21,27,2027,2543
ACTATGCAACTATGCA,1,22,27,2108,2543
ACTATGCAAGAGTCAA,1,23,27,2188,2544
ACTATGCAAGATCGCA,1,24,27,2269,2544
ACTATGCAAGCAGGAA,1,25,27,2349,2544
ACTATGCAAGTCACTA,1,26,27,2430,2544
ACTATGCAATCCTGTA,1,27,27,2510,2545
ACTATGCAATTGAGGA,1,28,27,2591,2545
ACTATGCACAACCACA,1,29,27,2671,2545
ACTATGCAGACTAGTA,1,30,27,2752,2546
ACTATGCACAATGGAA,1,31,27,2832,2546
ACTATGCACACTTCGA,1,32,27,2913,2546
ACTATGCACAGCGTTA,1,33,27,2993,2546
ACTATGCACATACCAA,1,34,27,3074,2547
ACTATGCACCAGTTCA,1,35,27,3154,2547
ACTATGCACCGAAGTA,1,36,27,3235,2547
ACTATGCACCGTGAGA,1,37,27,3315,2547
ACTATGCACCTCCTGA,1,38,27,3396,2548
ACTATGCACGAACTTA,1,39,27,3476,2548
ACTATGCACGACTGGA,1,40,27,3557,2548
ACTATGCACGCATACA,1,41,27,3637,2549
ACTATGCACTCAATGA,1,42,27,3718,2549
ACTATGCACTGAGCCA,1,43,27,3798,2549
ACTATGCACTGGCATA,1,44,27,3879,2549
ACTATGCAGAATCTGA,1,45,27,3959,2550
ACTATGCACAAGACTA,1,46,27,4040,2550
ACTATGCAGAGCTGAA,1,47,27,4120,2550
ACTATGCAGATAGACA,1,48,27,4201,2550
ACTATGCAGCCACATA,1,49,27,4281,2551
ACGTATCAAACGTGAT,1,0,28,336,2618
ACGTATCAAAACATCG,1,1,28,417,2618
ACGTATCAATGCCTAA,1,2,28,497,2618
ACGTATCAAGTGGTCA,1,3,28,578,2618
ACGTATCAACCACTGT,1,4,28,658,2619
ACGTATCAACATTGGC,1,5,28,739,2619
ACGTATCACAGATCTG,1,6,28,819,2619
ACGTATCACATCAAGT,1,7,28,900,2619
ACGTATCACGCTGATC,1,8,28,980,2620
ACGTATCAACAAGCTA,1,9,28,1061,2620
ACGTATCACTGTAGCC,1,10,28,1141,2620
ACGTATCAAGTACAAG,1,11,28,1222,2621
ACGTATCAAACAACCA,1,12,28,1302,2621
ACGTATCAAACCGAGA,1,13,28,1383,2621
ACGTATCAAACGCTTA,1,14,28,1464,2621
ACGTATCAAAGACGGA,1,15,28,1544,2622
ACGTATCAAAGGTACA,1,16,28,1625,2622
ACGTATCAACACAGAA,1,17,28,1705,2622
ACGTATCAACAGCAGA,1,18,28,1786,2622
ACGTATCAACCTCCAA,1,19,28,1866,2623
ACGTATCAACGCTCGA,1,20,28,1947,2623
ACGTATCAACGTATCA,1,21,28,2027,2623
ACGTATCAACTATGCA,1,22,28,2108,2623
ACGTATCAAGAGTCAA,1,23,28,2188,2624
ACGTATCAAGATCGCA,1,24,28,2269,2624
ACGTATCAAGCAGGAA,1,25,28,2349,2624
ACGTATCAAGTCACTA,1,26,28,2430,2625
ACGTATCAATCCTGTA,1,27,28,2510,2625
ACGTATCAATTGAGGA,1,28,28,2591,2625
ACGTATCACAACCACA,1,29,28,2671,2625
ACGTATCAGACTAGTA,1,30,28,2752,2626
ACGTATCACAATGGAA,1,31,28,2832,2626
ACGTATCACACTTCGA,1,32,28,2913,2626
ACGTATCACAGCGTTA,1,33,28,2993,2626
ACGTATCACATACCAA,1,34,28,3074,2627
ACGTATCACCAGTTCA,1,35,28,3154,2627
ACGTATCACCGAAGTA,1,36,28,3235,2627
ACGTATCACCGTGAGA,1,37,28,3315,2628
ACGTATCACCTCCTGA,1,38,28,3396,2628
ACGTATCACGAACTTA,1,39,28,3476,2628
ACGTATCACGACTGGA,1,40,28,3557,2628
ACGTATCACGCATACA,1,41,28,3637,2629
ACGTATCACTCAATGA,1,42,28,3718,2629
ACGTATCACTGAGCCA,1,43,28,3798,2629
ACGTATCACTGGCATA,1,44,28,3879,2629
ACGTATCAGAATCTGA,1,45,28,3959,2630
ACGTATCACAAGACTA,1,46,28,4040,2630
ACGTATCAGAGCTGAA,1,47,28,4120,2630
ACGTATCAGATAGACA,1,48,28,4201,2631
ACGTATCAGCCACATA,1,49,28,4281,2631
ACGCTCGAAACGTGAT,1,0,29,336,2698
ACGCTCGAAAACATCG,1,1,29,417,2698
ACGCTCGAATGCCTAA,1,2,29,497,2698
ACGCTCGAAGTGGTCA,1,3,29,578,2698
ACGCTCGAACCACTGT,1,4,29,658,2699
ACGCTCGAACATTGGC,1,5,29,739,2699
ACGCTCGACAGATCTG,1,6,29,819,2699
ACGCTCGACATCAAGT,1,7,29,900,2700
ACGCTCGACGCTGATC,1,8,29,980,2700
ACGCTCGAACAAGCTA,1,9,29,1061,2700
ACGCTCGACTGTAGCC,1,10,29,1142,2700
ACGCTCGAAGTACAAG,1,11,29,1222,2701
ACGCTCGAAACAACCA,1,12,29,1303,2701
ACGCTCGAAACCGAGA,1,13,29,1383,2701
ACGCTCGAAACGCTTA,1,14,29,1464,2701
ACGCTCGAAAGACGGA,1,15,29,1544,2702
ACGCTCGAAAGGTACA,1,16,29,1625,2702
ACGCTCGAACACAGAA,1,17,29,1705,2702
ACGCTCGAACAGCAGA,1,18,29,1786,2703
ACGCTCGAACCTCCAA,1,19,29,1866,2703
ACGCTCGAACGCTCGA,1,20,29,1947,2703
ACGCTCGAACGTATCA,1,21,29,2027,2703
ACGCTCGAACTATGCA,1,22,29,2108,2704
ACGCTCGAAGAGTCAA,1,23,29,2188,2704
ACGCTCGAAGATCGCA,1,24,29,2269,2704
ACGCTCGAAGCAGGAA,1,25,29,2349,2704
ACGCTCGAAGTCACTA,1,26,29,2430,2705
ACGCTCGAATCCTGTA,1,27,29,2510,2705
ACGCTCGAATTGAGGA,1,28,29,2591,2705
ACGCTCGACAACCACA,1,29,29,2671,2705
ACGCTCGAGACTAGTA,1,30,29,2752,2706
ACGCTCGACAATGGAA,1,31,29,2832,2706
ACGCTCGACACTTCGA,1,32,29,2913,2706
ACGCTCGACAGCGTTA,1,33,29,2993,2707
ACGCTCGACATACCAA,1,34,29,3074,2707
ACGCTCGACCAGTTCA,1,35,29,3154,2707
ACGCTCGACCGAAGTA,1,36,29,3235,2707
ACGCTCGACCGTGAGA,1,37,29,3315,2708
ACGCTCGACCTCCTGA,1,38,29,3396,2708
ACGCTCGACGAACTTA,1,39,29,3476,2708
ACGCTCGACGACTGGA,1,40,29,3557,2708
ACGCTCGACGCATACA,1,41,29,3637,2709
ACGCTCGACTCAATGA,1,42,29,3718,2709
ACGCTCGACTGAGCCA,1,43,29,3798,2709
ACGCTCGACTGGCATA,1,44,29,3879,2710
ACGCTCGAGAATCTGA,1,45,29,3960,2710
ACGCTCGACAAGACTA,1,46,29,4040,2710
ACGCTCGAGAGCTGAA,1,47,29,4121,2710
ACGCTCGAGATAGACA,1,48,29,4201,2711
ACGCTCGAGCCACATA,1,49,29,4282,2711
ACCTCCAAAACGTGAT,1,0,30,336,2778
ACCTCCAAAAACATCG,1,1,30,417,2778
ACCTCCAAATGCCTAA,1,2,30,497,2778
ACCTCCAAAGTGGTCA,1,3,30,578,2779
ACCTCCAAACCACTGT,1,4,30,659,2779
ACCTCCAAACATTGGC,1,5,30,739,2779
ACCTCCAACAGATCTG,1,6,30,820,2779
ACCTCCAACATCAAGT,1,7,30,900,2780
ACCTCCAACGCTGATC,1,8,30,981,2780
ACCTCCAAACAAGCTA,1,9,30,1061,2780
ACCTCCAACTGTAGCC,1,10,30,1142,2780
ACCTCCAAAGTACAAG,1,11,30,1222,2781
ACCTCCAAAACAACCA,1,12,30,1303,2781
ACCTCCAAAACCGAGA,1,13,30,1383,2781
ACCTCCAAAACGCTTA,1,14,30,1464,2782
ACCTCCAAAAGACGGA,1,15,30,1544,2782
ACCTCCAAAAGGTACA,1,16,30,1625,2782
ACCTCCAAACACAGAA,1,17,30,1705,2782
ACCTCCAAACAGCAGA,1,18,30,1786,2783
ACCTCCAAACCTCCAA,1,19,30,1866,2783
ACCTCCAAACGCTCGA,1,20,30,1947,2783
ACCTCCAAACGTATCA,1,21,30,2027,2783
ACCTCCAAACTATGCA,1,22,30,2108,2784
ACCTCCAAAGAGTCAA,1,23,30,2188,2784
ACCTCCAAAGATCGCA,1,24,30,2269,2784
ACCTCCAAAGCAGGAA,1,25,30,2349,2785
ACCTCCAAAGTCACTA,1,26,30,2430,2785
ACCTCCAAATCCTGTA,1,27,30,2510,2785
ACCTCCAAATTGAGGA,1,28,30,2591,2785
ACCTCCAACAACCACA,1,29,30,2671,2786
ACCTCCAAGACTAGTA,1,30,30,2752,2786
ACCTCCAACAATGGAA,1,31,30,2832,2786
ACCTCCAACACTTCGA,1,32,30,2913,2786
ACCTCCAACAGCGTTA,1,33,30,2993,2787
ACCTCCAACATACCAA,1,34,30,3074,2787
ACCTCCAACCAGTTCA,1,35,30,3154,2787
ACCTCCAACCGAAGTA,1,36,30,3235,2787
ACCTCCAACCGTGAGA,1,37,30,3315,2788
ACCTCCAACCTCCTGA,1,38,30,3396,2788
ACCTCCAACGAACTTA,1,39,30,3476,2788
ACCTCCAACGACTGGA,1,40,30,3557,2789
ACCTCCAACGCATACA,1,41,30,3638,2789
ACCTCCAACTCAATGA,1,42,30,3718,2789
ACCTCCAACTGAGCCA,1,43,30,3799,2789
ACCTCCAACTGGCATA,1,44,30,3879,2790
ACCTCCAAGAATCTGA,1,45,30,3960,2790
ACCTCCAACAAGACTA,1,46,30,4040,2790
ACCTCCAAGAGCTGAA,1,47,30,4121,2790
ACCTCCAAGATAGACA,1,48,30,4201,2791
ACCTCCAAGCCACATA,1,49,30,4282,2791
ACAGCAGAAACGTGAT,1,0,31,337,2858
ACAGCAGAAAACATCG,1,1,31,417,2858
ACAGCAGAATGCCTAA,1,2,31,498,2858
ACAGCAGAAGTGGTCA,1,3,31,578,2859
ACAGCAGAACCACTGT,1,4,31,659,2859
ACAGCAGAACATTGGC,1,5,31,739,2859
ACAGCAGACAGATCTG,1,6,31,820,2859
ACAGCAGACATCAAGT,1,7,31,900,2860
ACAGCAGACGCTGATC,1,8,31,981,2860
ACAGCAGAACAAGCTA,1,9,31,1061,2860
ACAGCAGACTGTAGCC,1,10,31,1142,2861
ACAGCAGAAGTACAAG,1,11,31,1222,2861
ACAGCAGAAACAACCA,1,12,31,1303,2861
ACAGCAGAAACCGAGA,1,13,31,1383,2861
ACAGCAGAAACGCTTA,1,14,31,1464,2862
ACAGCAGAAAGACGGA,1,15,31,1544,2862
ACAGCAGAAAGGTACA,1,16,31,1625,2862
ACAGCAGAACACAGAA,1,17,31,1705,2862
ACAGCAGAACAGCAGA,1,18,31,1786,2863
ACAGCAGAACCTCCAA,1,19,31,1866,2863
ACAGCAGAACGCTCGA,1,20,31,1947,2863
ACAGCAGAACGTATCA,1,21,31,2027,2864
ACAGCAGAACTATGCA,1,22,31,2108,2864
ACAGCAGAAGAGTCAA,1,23,31,2188,2864
ACAGCAGAAGATCGCA,1,24,31,2269,2864
ACAGCAGAAGCAGGAA,1,25,31,2349,2865
ACAGCAGAAGTCACTA,1,26,31,2430,2865
ACAGCAGAATCCTGTA,1,27,31,2510,2865
ACAGCAGAATTGAGGA,1,28,31,2591,2865
ACAGCAGACAACCACA,1,29,31,2671,2866
ACAGCAGAGACTAGTA,1,30,31,2752,2866
ACAGCAGACAATGGAA,1,31,31,2832,2866
ACAGCAGACACTTCGA,1,32,31,2913,2867
ACAGCAGACAGCGTTA,1,33,31,2993,2867
ACAGCAGACATACCAA,1,34,31,3074,2867
ACAGCAGACCAGTTCA,1,35,31,3155,2867
ACAGCAGACCGAAGTA,1,36,31,3235,2868
ACAGCAGACCGTGAGA,1,37,31,3316,2868
ACAGCAGACCTCCTGA,1,38,31,3396,2868
ACAGCAGACGAACTTA,1,39,31,3477,2868
ACAGCAGACGACTGGA,1,40,31,3557,2869
ACAGCAGACGCATACA,1,41,31,3638,2869
ACAGCAGACTCAATGA,1,42,31,3718,2869
ACAGCAGACTGAGCCA,1,43,31,3799,2869
ACAGCAGACTGGCATA,1,44,31,3879,2870
ACAGCAGAGAATCTGA,1,45,31,3960,2870
ACAGCAGACAAGACTA,1,46,31,4040,2870
ACAGCAGAGAGCTGAA,1,47,31,4121,2871
ACAGCAGAGATAGACA,1,48,31,4201,2871
ACAGCAGAGCCACATA,1,49,31,4282,2871
ACACAGAAAACGTGAT,1,0,32,337,2938
ACACAGAAAAACATCG,1,1,32,417,2938
ACACAGAAATGCCTAA,1,2,32,498,2939
ACACAGAAAGTGGTCA,1,3,32,578,2939
ACACAGAAACCACTGT,1,4,32,659,2939
ACACAGAAACATTGGC,1,5,32,739,2939
ACACAGAACAGATCTG,1,6,32,820,2940
ACACAGAACATCAAGT,1,7,32,900,2940
ACACAGAACGCTGATC,1,8,32,981,2940
ACACAGAAACAAGCTA,1,9,32,1061,2940
ACACAGAACTGTAGCC,1,10,32,1142,2941
ACACAGAAAGTACAAG,1,11,32,1222,2941
ACACAGAAAACAACCA,1,12,32,1303,2941
ACACAGAAAACCGAGA,1,13,32,1383,2941
ACACAGAAAACGCTTA,1,14,32,1464,2942
ACACAGAAAAGACGGA,1,15,32,1544,2942
ACACAGAAAAGGTACA,1,16,32,1625,2942
ACACAGAAACACAGAA,1,17,32,1705,2943
ACACAGAAACAGCAGA,1,18,32,1786,2943
ACACAGAAACCTCCAA,1,19,32,1866,2943
ACACAGAAACGCTCGA,1,20,32,1947,2943
ACACAGAAACGTATCA,1,21,32,2027,2944
ACACAGAAACTATGCA,1,22,32,2108,2944
ACACAGAAAGAGTCAA,1,23,32,2188,2944
ACACAGAAAGATCGCA,1,24,32,2269,2944
ACACAGAAAGCAGGAA,1,25,32,2349,2945
ACACAGAAAGTCACTA,1,26,32,2430,2945
ACACAGAAATCCTGTA,1,27,32,2510,2945
ACACAGAAATTGAGGA,1,28,32,2591,2946
ACACAGAACAACCACA,1,29,32,2671,2946
ACACAGAAGACTAGTA,1,30,32,2752,2946
ACACAGAACAATGGAA,1,31,32,2833,2946
ACACAGAACACTTCGA,1,32,32,2913,2947
ACACAGAACAGCGTTA,1,33,32,2994,2947
ACACAGAACATACCAA,1,34,32,3074,2947
ACACAGAACCAGTTCA,1,35,32,3155,2947
ACACAGAACCGAAGTA,1,36,32,3235,2948
ACACAGAACCGTGAGA,1,37,32,3316,2948
ACACAGAACCTCCTGA,1,38,32,3396,2948
ACACAGAACGAACTTA,1,39,32,3477,2949
ACACAGAACGACTGGA,1,40,32,3557,2949
ACACAGAACGCATACA,1,41,32,3638,2949
ACACAGAACTCAATGA,1,42,32,3718,2949
ACACAGAACTGAGCCA,1,43,32,3799,2950
ACACAGAACTGGCATA,1,44,32,3879,2950
ACACAGAAGAATCTGA,1,45,32,3960,2950
ACACAGAACAAGACTA,1,46,32,4040,2950
ACACAGAAGAGCTGAA,1,47,32,4121,2951
ACACAGAAGATAGACA,1,48,32,4201,2951
ACACAGAAGCCACATA,1,49,32,4282,2951
AAGGTACAAACGTGAT,1,0,33,337,3018
AAGGTACAAAACATCG,1,1,33,417,3018
AAGGTACAATGCCTAA,1,2,33,498,3019
AAGGTACAAGTGGTCA,1,3,33,578,3019
AAGGTACAACCACTGT,1,4,33,659,3019
AAGGTACAACATTGGC,1,5,33,739,3019
AAGGTACACAGATCTG,1,6,33,820,3020
AAGGTACACATCAAGT,1,7,33,900,3020
AAGGTACACGCTGATC,1,8,33,981,3020
AAGGTACAACAAGCTA,1,9,33,1061,3021
AAGGTACACTGTAGCC,1,10,33,1142,3021
AAGGTACAAGTACAAG,1,11,33,1222,3021
AAGGTACAAACAACCA,1,12,33,1303,3021
AAGGTACAAACCGAGA,1,13,33,1383,3022
AAGGTACAAACGCTTA,1,14,33,1464,3022
AAGGTACAAAGACGGA,1,15,33,1544,3022
AAGGTACAAAGGTACA,1,16,33,1625,3022
AAGGTACAACACAGAA,1,17,33,1705,3023
AAGGTACAACAGCAGA,1,18,33,1786,3023
AAGGTACAACCTCCAA,1,19,33,1866,3023
AAGGTACAACGCTCGA,1,20,33,1947,3023
AAGGTACAACGTATCA,1,21,33,2027,3024
AAGGTACAACTATGCA,1,22,33,2108,3024
AAGGTACAAGAGTCAA,1,23,33,2188,3024
AAGGTACAAGATCGCA,1,24,33,2269,3025
AAGGTACAAGCAGGAA,1,25,33,2350,3025
AAGGTACAAGTCACTA,1,26,33,2430,3025
AAGGTACAATCCTGTA,1,27,33,2511,3025
AAGGTACAATTGAGGA,1,28,33,2591,3026
AAGGTACACAACCACA,1,29,33,2672,3026
AAGGTACAGACTAGTA,1,30,33,2752,3026
AAGGTACACAATGGAA,1,31,33,2833,3026
AAGGTACACACTTCGA,1,32,33,2913,3027
AAGGTACACAGCGTTA,1,33,33,2994,3027
AAGGTACACATACCAA,1,34,33,3074,3027
AAGGTACACCAGTTCA,1,35,33,3155,3028
AAGGTACACCGAAGTA,1,36,33,3235,3028
AAGGTACACCGTGAGA,1,37,33,3316,3028
AAGGTACACCTCCTGA,1,38,33,3396,3028
AAGGTACACGAACTTA,1,39,33,3477,3029
AAGGTACACGACTGGA,1,40,33,3557,3029
AAGGTACACGCATACA,1,41,33,3638,3029
AAGGTACACTCAATGA,1,42,33,3718,3029
AAGGTACACTGAGCCA,1,43,33,3799,3030
AAGGTACACTGGCATA,1,44,33,3879,3030
AAGGTACAGAATCTGA,1,45,33,3960,3030
AAGGTACACAAGACTA,1,46,33,4040,3031
AAGGTACAGAGCTGAA,1,47,33,4121,3031
AAGGTACAGATAGACA,1,48,33,4201,3031
AAGGTACAGCCACATA,1,49,33,4282,3031
AAGACGGAAACGTGAT,1,0,34,337,3098
AAGACGGAAAACATCG,1,1,34,417,3098
AAGACGGAATGCCTAA,1,2,34,498,3099
AAGACGGAAGTGGTCA,1,3,34,578,3099
AAGACGGAACCACTGT,1,4,34,659,3099
AAGACGGAACATTGGC,1,5,34,739,3100
AAGACGGACAGATCTG,1,6,34,820,3100
AAGACGGACATCAAGT,1,7,34,900,3100
AAGACGGACGCTGATC,1,8,34,981,3100
AAGACGGAACAAGCTA,1,9,34,1061,3101
AAGACGGACTGTAGCC,1,10,34,1142,3101
AAGACGGAAGTACAAG,1,11,34,1222,3101
AAGACGGAAACAACCA,1,12,34,1303,3101
AAGACGGAAACCGAGA,1,13,34,1383,3102
AAGACGGAAACGCTTA,1,14,34,1464,3102
AAGACGGAAAGACGGA,1,15,34,1544,3102
AAGACGGAAAGGTACA,1,16,34,1625,3103
AAGACGGAACACAGAA,1,17,34,1705,3103
AAGACGGAACAGCAGA,1,18,34,1786,3103
AAGACGGAACCTCCAA,1,19,34,1866,3103
AAGACGGAACGCTCGA,1,20,34,1947,3104
AAGACGGAACGTATCA,1,21,34,2028,3104
AAGACGGAACTATGCA,1,22,34,2108,3104
AAGACGGAAGAGTCAA,1,23,34,2189,3104
AAGACGGAAGATCGCA,1,24,34,2269,3105
AAGACGGAAGCAGGAA,1,25,34,2350,3105
AAGACGGAAGTCACTA,1,26,34,2430,3105
AAGACGGAATCCTGTA,1,27,34,2511,3105
AAGACGGAATTGAGGA,1,28,34,2591,3106
AAGACGGACAACCACA,1,29,34,2672,3106
AAGACGGAGACTAGTA,1,30,34,2752,3106
AAGACGGACAATGGAA,1,31,34,2833,3107
AAGACGGACACTTCGA,1,32,34,2913,3107
AAGACGGACAGCGTTA,1,33,34,2994,3107
AAGACGGACATACCAA,1,34,34,3074,3107
AAGACGGACCAGTTCA,1,35,34,3155,3108
AAGACGGACCGAAGTA,1,36,34,3235,3108
AAGACGGACCGTGAGA,1,37,34,3316,3108
AAGACGGACCTCCTGA,1,38,34,3396,3108
AAGACGGACGAACTTA,1,39,34,3477,3109
AAGACGGACGACTGGA,1,40,34,3557,3109
AAGACGGACGCATACA,1,41,34,3638,3109
AAGACGGACTCAATGA,1,42,34,3718,3110
AAGACGGACTGAGCCA,1,43,34,3799,3110
AAGACGGACTGGCATA,1,44,34,3879,3110
AAGACGGAGAATCTGA,1,45,34,3960,3110
AAGACGGACAAGACTA,1,46,34,4040,3111
AAGACGGAGAGCTGAA,1,47,34,4121,3111
AAGACGGAGATAGACA,1,48,34,4201,3111
AAGACGGAGCCACATA,1,49,34,4282,3111
AACGCTTAAACGTGAT,1,0,35,337,3178
AACGCTTAAAACATCG,1,1,35,417,3179
AACGCTTAATGCCTAA,1,2,35,498,3179
AACGCTTAAGTGGTCA,1,3,35,578,3179
AACGCTTAACCACTGT,1,4,35,659,3179
AACGCTTAACATTGGC,1,5,35,739,3180
AACGCTTACAGATCTG,1,6,35,820,3180
AACGCTTACATCAAGT,1,7,35,900,3180
AACGCTTACGCTGATC,1,8,35,981,3180
AACGCTTAACAAGCTA,1,9,35,1061,3181
AACGCTTACTGTAGCC,1,10,35,1142,3181
AACGCTTAAGTACAAG,1,11,35,1222,3181
AACGCTTAAACAACCA,1,12,35,1303,3182
AACGCTTAAACCGAGA,1,13,35,1383,3182
AACGCTTAAACGCTTA,1,14,35,1464,3182
AACGCTTAAAGACGGA,1,15,35,1545,3182
AACGCTTAAAGGTACA,1,16,35,1625,3183
AACGCTTAACACAGAA,1,17,35,1706,3183
AACGCTTAACAGCAGA,1,18,35,1786,3183
AACGCTTAACCTCCAA,1,19,35,1867,3183
AACGCTTAACGCTCGA,1,20,35,1947,3184
AACGCTTAACGTATCA,1,21,35,2028,3184
AACGCTTAACTATGCA,1,22,35,2108,3184
AACGCTTAAGAGTCAA,1,23,35,2189,3185
AACGCTTAAGATCGCA,1,24,35,2269,3185
AACGCTTAAGCAGGAA,1,25,35,2350,3185
AACGCTTAAGTCACTA,1,26,35,2430,3185
AACGCTTAATCCTGTA,1,27,35,2511,3186
AACGCTTAATTGAGGA,1,28,35,2591,3186
AACGCTTACAACCACA,1,29,35,2672,3186
AACGCTTAGACTAGTA,1,30,35,2752,3186
AACGCTTACAATGGAA,1,31,35,2833,3187
AACGCTTACACTTCGA,1,32,35,2913,3187
AACGCTTACAGCGTTA,1,33,35,2994,3187
AACGCTTACATACCAA,1,34,35,3074,3187
AACGCTTACCAGTTCA,1,35,35,3155,3188
AACGCTTACCGAAGTA,1,36,35,3235,3188
AACGCTTACCGTGAGA,1,37,35,3316,3188
AACGCTTACCTCCTGA,1,38,35,3396,3189
AACGCTTACGAACTTA,1,39,35,3477,3189
AACGCTTACGACTGGA,1,40,35,3557,3189
AACGCTTACGCATACA,1,41,35,3638,3189
AACGCTTACTCAATGA,1,42,35,3718,3190
AACGCTTACTGAGCCA,1,43,35,3799,3190
AACGCTTACTGGCATA,1,44,35,3879,3190
AACGCTTAGAATCTGA,1,45,35,3960,3190
AACGCTTACAAGACTA,1,46,35,4040,3191
AACGCTTAGAGCTGAA,1,47,35,4121,3191
AACGCTTAGATAGACA,1,48,35,4201,3191
AACGCTTAGCCACATA,1,49,35,4282,3192
AACCGAGAAACGTGAT,1,0,36,337,3258
AACCGAGAAAACATCG,1,1,36,417,3259
AACCGAGAATGCCTAA,1,2,36,498,3259
AACCGAGAAGTGGTCA,1,3,36,578,3259
AACCGAGAACCACTGT,1,4,36,659,3259
AACCGAGAACATTGGC,1,5,36,739,3260
AACCGAGACAGATCTG,1,6,36,820,3260
AACCGAGACATCAAGT,1,7,36,900,3260
AACCGAGACGCTGATC,1,8,36,981,3261
AACCGAGAACAAGCTA,1,9,36,1061,3261
AACCGAGACTGTAGCC,1,10,36,1142,3261
AACCGAGAAGTACAAG,1,11,36,1223,3261
AACCGAGAAACAACCA,1,12,36,1303,3262
AACCGAGAAACCGAGA,1,13,36,1384,3262
AACCGAGAAACGCTTA,1,14,36,1464,3262
AACCGAGAAAGACGGA,1,15,36,1545,3262
AACCGAGAAAGGTACA,1,16,36,1625,3263
AACCGAGAACACAGAA,1,17,36,1706,3263
AACCGAGAACAGCAGA,1,18,36,1786,3263
AACCGAGAACCTCCAA,1,19,36,1867,3264
AACCGAGAACGCTCGA,1,20,36,1947,3264
AACCGAGAACGTATCA,1,21,36,2028,3264
AACCGAGAACTATGCA,1,22,36,2108,3264
AACCGAGAAGAGTCAA,1,23,36,2189,3265
AACCGAGAAGATCGCA,1,24,36,2269,3265
AACCGAGAAGCAGGAA,1,25,36,2350,3265
AACCGAGAAGTCACTA,1,26,36,2430,3265
AACCGAGAATCCTGTA,1,27,36,2511,3266
AACCGAGAATTGAGGA,1,28,36,2591,3266
AACCGAGACAACCACA,1,29,36,2672,3266
AACCGAGAGACTAGTA,1,30,36,2752,3267
AACCGAGACAATGGAA,1,31,36,2833,3267
AACCGAGACACTTCGA,1,32,36,2913,3267
AACCGAGACAGCGTTA,1,33,36,2994,3267
AACCGAGACATACCAA,1,34,36,3074,3268
AACCGAGACCAGTTCA,1,35,36,3155,3268
AACCGAGACCGAAGTA,1,36,36,3235,3268
AACCGAGACCGTGAGA,1,37,36,3316,3268
AACCGAGACCTCCTGA,1,38,36,3396,3269
AACCGAGACGAACTTA,1,39,36,3477,3269
AACCGAGACGACTGGA,1,40,36,3557,3269
AACCGAGACGCATACA,1,41,36,3638,3269
AACCGAGACTCAATGA,1,42,36,3718,3270
AACCGAGACTGAGCCA,1,43,36,3799,3270
AACCGAGACTGGCATA,1,44,36,3879,3270
AACCGAGAGAATCTGA,1,45,36,3960,3271
AACCGAGACAAGACTA,1,46,36,4040,3271
AACCGAGAGAGCTGAA,1,47,36,4121,3271
AACCGAGAGATAGACA,1,48,36,4202,3271
AACCGAGAGCCACATA,1,49,36,4282,3272
AACAACCAAACGTGAT,1,0,37,337,3339
AACAACCAAAACATCG,1,1,37,417,3339
AACAACCAATGCCTAA,1,2,37,498,3339
AACAACCAAGTGGTCA,1,3,37,578,3339
AACAACCAACCACTGT,1,4,37,659,3340
AACAACCAACATTGGC,1,5,37,739,3340
AACAACCACAGATCTG,1,6,37,820,3340
AACAACCACATCAAGT,1,7,37,901,3340
AACAACCACGCTGATC,1,8,37,981,3341
AACAACCAACAAGCTA,1,9,37,1062,3341
AACAACCACTGTAGCC,1,10,37,1142,3341
AACAACCAAGTACAAG,1,11,37,1223,3341
AACAACCAAACAACCA,1,12,37,1303,3342
AACAACCAAACCGAGA,1,13,37,1384,3342
AACAACCAAACGCTTA,1,14,37,1464,3342
AACAACCAAAGACGGA,1,15,37,1545,3343
AACAACCAAAGGTACA,1,16,37,1625,3343
AACAACCAACACAGAA,1,17,37,1706,3343
AACAACCAACAGCAGA,1,18,37,1786,3343
AACAACCAACCTCCAA,1,19,37,1867,3344
AACAACCAACGCTCGA,1,20,37,1947,3344
AACAACCAACGTATCA,1,21,37,2028,3344
AACAACCAACTATGCA,1,22,37,2108,3344
AACAACCAAGAGTCAA,1,23,37,2189,3345
AACAACCAAGATCGCA,1,24,37,2269,3345
AACAACCAAGCAGGAA,1,25,37,2350,3345
AACAACCAAGTCACTA,1,26,37,2430,3346
AACAACCAATCCTGTA,1,27,37,2511,3346
AACAACCAATTGAGGA,1,28,37,2591,3346
AACAACCACAACCACA,1,29,37,2672,3346
AACAACCAGACTAGTA,1,30,37,2752,3347
AACAACCACAATGGAA,1,31,37,2833,3347
AACAACCACACTTCGA,1,32,37,2913,3347
AACAACCACAGCGTTA,1,33,37,2994,3347
AACAACCACATACCAA,1,34,37,3074,3348
AACAACCACCAGTTCA,1,35,37,3155,3348
AACAACCACCGAAGTA,1,36,37,3235,3348
AACAACCACCGTGAGA,1,37,37,3316,3349
AACAACCACCTCCTGA,1,38,37,3396,3349
AACAACCACGAACTTA,1,39,37,3477,3349
AACAACCACGACTGGA,1,40,37,3557,3349
AACAACCACGCATACA,1,41,37,3638,3350
AACAACCACTCAATGA,1,42,37,3719,3350
AACAACCACTGAGCCA,0,43,37,3799,3350
AACAACCACTGGCATA,0,44,37,3880,3350
AACAACCAGAATCTGA,1,45,37,3960,3351
AACAACCACAAGACTA,1,46,37,4041,3351
AACAACCAGAGCTGAA,1,47,37,4121,3351
AACAACCAGATAGACA,1,48,37,4202,3351
AACAACCAGCCACATA,1,49,37,4282,3352
AGTACAAGAACGTGAT,1,0,38,337,3419
AGTACAAGAAACATCG,1,1,38,418,3419
AGTACAAGATGCCTAA,1,2,38,498,3419
AGTACAAGAGTGGTCA,1,3,38,579,3419
AGTACAAGACCACTGT,1,4,38,659,3420
AGTACAAGACATTGGC,1,5,38,740,3420
AGTACAAGCAGATCTG,1,6,38,820,3420
AGTACAAGCATCAAGT,1,7,38,901,3421
AGTACAAGCGCTGATC,1,8,38,981,3421
AGTACAAGACAAGCTA,1,9,38,1062,3421
AGTACAAGCTGTAGCC,1,10,38,1142,3421
AGTACAAGAGTACAAG,1,11,38,1223,3422
AGTACAAGAACAACCA,1,12,38,1303,3422
AGTACAAGAACCGAGA,1,13,38,1384,3422
AGTACAAGAACGCTTA,1,14,38,1464,3422
AGTACAAGAAGACGGA,1,15,38,1545,3423
AGTACAAGAAGGTACA,1,16,38,1625,3423
AGTACAAGACACAGAA,1,17,38,1706,3423
AGTACAAGACAGCAGA,1,18,38,1786,3423
AGTACAAGACCTCCAA,1,19,38,1867,3424
AGTACAAGACGCTCGA,1,20,38,1947,3424
AGTACAAGACGTATCA,1,21,38,2028,3424
AGTACAAGACTATGCA,1,22,38,2108,3425
AGTACAAGAGAGTCAA,1,23,38,2189,3425
AGTACAAGAGATCGCA,1,24,38,2269,3425
AGTACAAGAGCAGGAA,1,25,38,2350,3425
AGTACAAGAGTCACTA,1,26,38,2430,3426
AGTACAAGATCCTGTA,1,27,38,2511,3426
AGTACAAGATTGAGGA,1,28,38,2591,3426
AGTACAAGCAACCACA,1,29,38,2672,3426
AGTACAAGGACTAGTA,1,30,38,2752,3427
AGTACAAGCAATGGAA,1,31,38,2833,3427
AGTACAAGCACTTCGA,1,32,38,2913,3427
AGTACAAGCAGCGTTA,1,33,38,2994,3428
AGTACAAGCATACCAA,1,34,38,3074,3428
AGTACAAGCCAGTTCA,1,35,38,3155,3428
AGTACAAGCCGAAGTA,1,36,38,3235,3428
AGTACAAGCCGTGAGA,1,37,38,3316,3429
AGTACAAGCCTCCTGA,1,38,38,3397,3429
AGTACAAGCGAACTTA,1,39,38,3477,3429
AGTACAAGCGACTGGA,1,40,38,3558,3429
AGTACAAGCGCATACA,1,41,38,3638,3430
AGTACAAGCTCAATGA,1,42,38,3719,3430
AGTACAAGCTGAGCCA,1,43,38,3799,3430
AGTACAAGCTGGCATA,1,44,38,3880,3431
AGTACAAGGAATCTGA,1,45,38,3960,3431
AGTACAAGCAAGACTA,1,46,38,4041,3431
AGTACAAGGAGCTGAA,1,47,38,4121,3431
AGTACAAGGATAGACA,1,48,38,4202,3432
AGTACAAGGCCACATA,1,49,38,4282,3432
CTGTAGCCAACGTGAT,1,0,39,337,3499
CTGTAGCCAAACATCG,1,1,39,418,3499
CTGTAGCCATGCCTAA,1,2,39,498,3499
CTGTAGCCAGTGGTCA,1,3,39,579,3500
CTGTAGCCACCACTGT,1,4,39,659,3500
CTGTAGCCACATTGGC,1,5,39,740,3500
CTGTAGCCCAGATCTG,1,6,39,820,3500
CTGTAGCCCATCAAGT,1,7,39,901,3501
CTGTAGCCCGCTGATC,1,8,39,981,3501
CTGTAGCCACAAGCTA,1,9,39,1062,3501
CTGTAGCCCTGTAGCC,1,10,39,1142,3501
CTGTAGCCAGTACAAG,1,11,39,1223,3502
CTGTAGCCAACAACCA,1,12,39,1303,3502
CTGTAGCCAACCGAGA,1,13,39,1384,3502
CTGTAGCCAACGCTTA,1,14,39,1464,3503
CTGTAGCCAAGACGGA,1,15,39,1545,3503
CTGTAGCCAAGGTACA,1,16,39,1625,3503
CTGTAGCCACACAGAA,1,17,39,1706,3503
CTGTAGCCACAGCAGA,1,18,39,1786,3504
CTGTAGCCACCTCCAA,1,19,39,1867,3504
CTGTAGCCACGCTCGA,1,20,39,1947,3504
CTGTAGCCACGTATCA,1,21,39,2028,3504
CTGTAGCCACTATGCA,1,22,39,2108,3505
CTGTAGCCAGAGTCAA,1,23,39,2189,3505
CTGTAGCCAGATCGCA,1,24,39,2269,3505
CTGTAGCCAGCAGGAA,1,25,39,2350,3505
CTGTAGCCAGTCACTA,1,26,39,2430,3506
CTGTAGCCATCCTGTA,1,27,39,2511,3506
CTGTAGCCATTGAGGA,1,28,39,2591,3506
CTGTAGCCCAACCACA,1,29,39,2672,3507
CTGTAGCCGACTAGTA,1,30,39,2752,3507
CTGTAGCCCAATGGAA,1,31,39,2833,3507
CTGTAGCCCACTTCGA,1,32,39,2914,3507
CTGTAGCCCAGCGTTA,1,33,39,2994,3508
CTGTAGCCCATACCAA,1,34,39,3075,3508
CTGTAGCCCCAGTTCA,1,35,39,3155,3508
CTGTAGCCCCGAAGTA,1,36,39,3236,3508
CTGTAGCCCCGTGAGA,1,37,39,3316,3509
CTGTAGCCCCTCCTGA,1,38,39,3397,3509
CTGTAGCCCGAACTTA,1,39,39,3477,3509
CTGTAGCCCGACTGGA,1,40,39,3558,3510
CTGTAGCCCGCATACA,1,41,39,3638,3510
CTGTAGCCCTCAATGA,1,42,39,3719,3510
CTGTAGCCCTGAGCCA,1,43,39,3799,3510
CTGTAGCCCTGGCATA,1,44,39,3880,3511
CTGTAGCCGAATCTGA,0,45,39,3960,3511
CTGTAGCCCAAGACTA,1,46,39,4041,3511
CTGTAGCCGAGCTGAA,1,47,39,4121,3511
CTGTAGCCGATAGACA,1,48,39,4202,3512
CTGTAGCCGCCACATA,0,49,39,4282,3512
ACAAGCTAAACGTGAT,1,0,40,337,3579
ACAAGCTAAAACATCG,1,1,40,418,3579
ACAAGCTAATGCCTAA,1,2,40,498,3579
ACAAGCTAAGTGGTCA,1,3,40,579,3580
ACAAGCTAACCACTGT,1,4,40,659,3580
ACAAGCTAACATTGGC,1,5,40,740,3580
ACAAGCTACAGATCTG,1,6,40,820,3580
ACAAGCTACATCAAGT,1,7,40,901,3581
ACAAGCTACGCTGATC,1,8,40,981,3581
ACAAGCTAACAAGCTA,1,9,40,1062,3581
ACAAGCTACTGTAGCC,1,10,40,1142,3582
ACAAGCTAAGTACAAG,1,11,40,1223,3582
ACAAGCTAAACAACCA,1,12,40,1303,3582
ACAAGCTAAACCGAGA,1,13,40,1384,3582
ACAAGCTAAACGCTTA,1,14,40,1464,3583
ACAAGCTAAAGACGGA,1,15,40,1545,3583
ACAAGCTAAAGGTACA,1,16,40,1625,3583
ACAAGCTAACACAGAA,1,17,40,1706,3583
ACAAGCTAACAGCAGA,1,18,40,1786,3584
ACAAGCTAACCTCCAA,1,19,40,1867,3584
ACAAGCTAACGCTCGA,1,20,40,1947,3584
ACAAGCTAACGTATCA,1,21,40,2028,3585
ACAAGCTAACTATGCA,1,22,40,2108,3585
ACAAGCTAAGAGTCAA,1,23,40,2189,3585
ACAAGCTAAGATCGCA,1,24,40,2269,3585
ACAAGCTAAGCAGGAA,1,25,40,2350,3586
ACAAGCTAAGTCACTA,1,26,40,2430,3586
ACAAGCTAATCCTGTA,1,27,40,2511,3586
ACAAGCTAATTGAGGA,1,28,40,2592,3586
ACAAGCTACAACCACA,1,29,40,2672,3587
ACAAGCTAGACTAGTA,1,30,40,2753,3587
ACAAGCTACAATGGAA,1,31,40,2833,3587
ACAAGCTACACTTCGA,1,32,40,2914,3587
ACAAGCTACAGCGTTA,1,33,40,2994,3588
ACAAGCTACATACCAA,1,34,40,3075,3588
ACAAGCTACCAGTTCA,1,35,40,3155,3588
ACAAGCTACCGAAGTA,1,36,40,3236,3589
ACAAGCTACCGTGAGA,1,37,40,3316,3589
ACAAGCTACCTCCTGA,1,38,40,3397,3589
ACAAGCTACGAACTTA,1,39,40,3477,3589
ACAAGCTACGACTGGA,1,40,40,3558,3590
ACAAGCTACGCATACA,1,41,40,3638,3590
ACAAGCTACTCAATGA,1,42,40,3719,3590
ACAAGCTACTGAGCCA,1,43,40,3799,3590
ACAAGCTACTGGCATA,1,44,40,3880,3591
ACAAGCTAGAATCTGA,1,45,40,3960,3591
ACAAGCTACAAGACTA,1,46,40,4041,3591
ACAAGCTAGAGCTGAA,1,47,40,4121,3592
ACAAGCTAGATAGACA,1,48,40,4202,3592
ACAAGCTAGCCACATA,1,49,40,4282,3592
CGCTGATCAACGTGAT,1,0,41,337,3659
CGCTGATCAAACATCG,1,1,41,418,3659
CGCTGATCATGCCTAA,1,2,41,498,3659
CGCTGATCAGTGGTCA,1,3,41,579,3660
CGCTGATCACCACTGT,1,4,41,659,3660
CGCTGATCACATTGGC,1,5,41,740,3660
CGCTGATCCAGATCTG,1,6,41,820,3661
CGCTGATCCATCAAGT,1,7,41,901,3661
CGCTGATCCGCTGATC,1,8,41,981,3661
CGCTGATCACAAGCTA,1,9,41,1062,3661
CGCTGATCCTGTAGCC,1,10,41,1142,3662
CGCTGATCAGTACAAG,1,11,41,1223,3662
CGCTGATCAACAACCA,1,12,41,1303,3662
CGCTGATCAACCGAGA,1,13,41,1384,3662
CGCTGATCAACGCTTA,1,14,41,1464,3663
CGCTGATCAAGACGGA,1,15,41,1545,3663
CGCTGATCAAGGTACA,1,16,41,1625,3663
CGCTGATCACACAGAA,1,17,41,1706,3664
CGCTGATCACAGCAGA,1,18,41,1786,3664
CGCTGATCACCTCCAA,1,19,41,1867,3664
CGCTGATCACGCTCGA,1,20,41,1947,3664
CGCTGATCACGTATCA,1,21,41,2028,3665
CGCTGATCACTATGCA,1,22,41,2109,3665
CGCTGATCAGAGTCAA,1,23,41,2189,3665
CGCTGATCAGATCGCA,1,24,41,2270,3665
CGCTGATCAGCAGGAA,1,25,41,2350,3666
CGCTGATCAGTCACTA,1,26,41,2431,3666
CGCTGATCATCCTGTA,1,27,41,2511,3666
CGCTGATCATTGAGGA,1,28,41,2592,3667
CGCTGATCCAACCACA,1,29,41,2672,3667
CGCTGATCGACTAGTA,1,30,41,2753,3667
CGCTGATCCAATGGAA,1,31,41,2833,3667
CGCTGATCCACTTCGA,1,32,41,2914,3668
CGCTGATCCAGCGTTA,1,33,41,2994,3668
CGCTGATCCATACCAA,1,34,41,3075,3668
CGCTGATCCCAGTTCA,1,35,41,3155,3668
CGCTGATCCCGAAGTA,1,36,41,3236,3669
CGCTGATCCCGTGAGA,1,37,41,3316,3669
CGCTGATCCCTCCTGA,1,38,41,3397,3669
CGCTGATCCGAACTTA,1,39,41,3477,3669
CGCTGATCCGACTGGA,1,40,41,3558,3670
CGCTGATCCGCATACA,1,41,41,3638,3670
CGCTGATCCTCAATGA,1,42,41,3719,3670
CGCTGATCCTGAGCCA,1,43,41,3799,3671
CGCTGATCCTGGCATA,1,44,41,3880,3671
CGCTGATCGAATCTGA,1,45,41,3960,3671
CGCTGATCCAAGACTA,1,46,41,4041,3671
CGCTGATCGAGCTGAA,1,47,41,4121,3672
CGCTGATCGATAGACA,1,48,41,4202,3672
CGCTGATCGCCACATA,1,49,41,4282,3672
CATCAAGTAACGTGAT,1,0,42,337,3739
CATCAAGTAAACATCG,1,1,42,418,3739
CATCAAGTATGCCTAA,1,2,42,498,3740
CATCAAGTAGTGGTCA,1,3,42,579,3740
CATCAAGTACCACTGT,1,4,42,659,3740
CATCAAGTACATTGGC,1,5,42,740,3740
CATCAAGTCAGATCTG,1,6,42,820,3741
CATCAAGTCATCAAGT,1,7,42,901,3741
CATCAAGTCGCTGATC,1,8,42,981,3741
CATCAAGTACAAGCTA,1,9,42,1062,3741
CATCAAGTCTGTAGCC,1,10,42,1142,3742
CATCAAGTAGTACAAG,1,11,42,1223,3742
CATCAAGTAACAACCA,1,12,42,1303,3742
CATCAAGTAACCGAGA,1,13,42,1384,3743
CATCAAGTAACGCTTA,1,14,42,1464,3743
CATCAAGTAAGACGGA,1,15,42,1545,3743
CATCAAGTAAGGTACA,1,16,42,1625,3743
CATCAAGTACACAGAA,1,17,42,1706,3744
CATCAAGTACAGCAGA,1,18,42,1787,3744
CATCAAGTACCTCCAA,1,19,42,1867,3744
CATCAAGTACGCTCGA,1,20,42,1948,3744
CATCAAGTACGTATCA,1,21,42,2028,3745
CATCAAGTACTATGCA,1,22,42,2109,3745
CATCAAGTAGAGTCAA,1,23,42,2189,3745
CATCAAGTAGATCGCA,1,24,42,2270,3746
CATCAAGTAGCAGGAA,1,25,42,2350,3746
CATCAAGTAGTCACTA,1,26,42,2431,3746
CATCAAGTATCCTGTA,1,27,42,2511,3746
CATCAAGTATTGAGGA,1,28,42,2592,3747
CATCAAGTCAACCACA,1,29,42,2672,3747
CATCAAGTGACTAGTA,1,30,42,2753,3747
CATCAAGTCAATGGAA,1,31,42,2833,3747
CATCAAGTCACTTCGA,1,32,42,2914,3748
CATCAAGTCAGCGTTA,1,33,42,2994,3748
CATCAAGTCATACCAA,1,34,42,3075,3748
CATCAAGTCCAGTTCA,1,35,42,3155,3749
CATCAAGTCCGAAGTA,1,36,42,3236,3749
CATCAAGTCCGTGAGA,1,37,42,3316,3749
CATCAAGTCCTCCTGA,1,38,42,3397,3749
CATCAAGTCGAACTTA,1,39,42,3477,3750
CATCAAGTCGACTGGA,1,40,42,3558,3750
CATCAAGTCGCATACA,1,41,42,3638,3750
CATCAAGTCTCAATGA,1,42,42,3719,3750
CATCAAGTCTGAGCCA,1,43,42,3799,3751
CATCAAGTCTGGCATA,1,44,42,3880,3751
CATCAAGTGAATCTGA,1,45,42,3960,3751
CATCAAGTCAAGACTA,1,46,42,4041,3751
CATCAAGTGAGCTGAA,1,47,42,4121,3752
CATCAAGTGATAGACA,1,48,42,4202,3752
CATCAAGTGCCACATA,1,49,42,4282,3752
CAGATCTGAACGTGAT,1,0,43,337,3819
CAGATCTGAAACATCG,1,1,43,418,3819
CAGATCTGATGCCTAA,1,2,43,498,3820
CAGATCTGAGTGGTCA,1,3,43,579,3820
CAGATCTGACCACTGT,1,4,43,659,3820
CAGATCTGACATTGGC,1,5,43,740,3821
CAGATCTGCAGATCTG,1,6,43,820,3821
CAGATCTGCATCAAGT,1,7,43,901,3821
CAGATCTGCGCTGATC,1,8,43,981,3821
CAGATCTGACAAGCTA,1,9,43,1062,3822
CAGATCTGCTGTAGCC,1,10,43,1142,3822
CAGATCTGAGTACAAG,1,11,43,1223,3822
CAGATCTGAACAACCA,1,12,43,1303,3822
CAGATCTGAACCGAGA,1,13,43,1384,3823
CAGATCTGAACGCTTA,1,14,43,1465,3823
CAGATCTGAAGACGGA,1,15,43,1545,3823
CAGATCTGAAGGTACA,1,16,43,1626,3823
CAGATCTGACACAGAA,1,17,43,1706,3824
CAGATCTGACAGCAGA,1,18,43,1787,3824
CAGATCTGACCTCCAA,1,19,43,1867,3824
CAGATCTGACGCTCGA,1,20,43,1948,3825
CAGATCTGACGTATCA,1,21,43,2028,3825
CAGATCTGACTATGCA,1,22,43,2109,3825
CAGATCTGAGAGTCAA,1,23,43,2189,3825
CAGATCTGAGATCGCA,1,24,43,2270,3826
CAGATCTGAGCAGGAA,1,25,43,2350,3826
CAGATCTGAGTCACTA,1,26,43,2431,3826
CAGATCTGATCCTGTA,1,27,43,2511,3826
CAGATCTGATTGAGGA,1,28,43,2592,3827
CAGATCTGCAACCACA,1,29,43,2672,3827
CAGATCTGGACTAGTA,1,30,43,2753,3827
CAGATCTGCAATGGAA,1,31,43,2833,3828
CAGATCTGCACTTCGA,1,32,43,2914,3828
CAGATCTGCAGCGTTA,1,33,43,2994,3828
CAGATCTGCATACCAA,1,34,43,3075,3828
CAGATCTGCCAGTTCA,1,35,43,3155,3829
CAGATCTGCCGAAGTA,1,36,43,3236,3829
CAGATCTGCCGTGAGA,1,37,43,3316,3829
CAGATCTGCCTCCTGA,1,38,43,3397,3829
CAGATCTGCGAACTTA,1,39,43,3477,3830
CAGATCTGCGACTGGA,1,40,43,3558,3830
CAGATCTGCGCATACA,1,41,43,3638,3830
CAGATCTGCTCAATGA,1,42,43,3719,3831
CAGATCTGCTGAGCCA,1,43,43,3799,3831
CAGATCTGCTGGCATA,1,44,43,3880,3831
CAGATCTGGAATCTGA,1,45,43,3960,3831
CAGATCTGCAAGACTA,1,46,43,4041,3832
CAGATCTGGAGCTGAA,1,47,43,4121,3832
CAGATCTGGATAGACA,1,48,43,4202,3832
CAGATCTGGCCACATA,1,49,43,4283,3832
ACATTGGCAACGTGAT,1,0,44,337,3899
ACATTGGCAAACATCG,1,1,44,418,3900
ACATTGGCATGCCTAA,1,2,44,498,3900
ACATTGGCAGTGGTCA,1,3,44,579,3900
ACATTGGCACCACTGT,1,4,44,659,3900
ACATTGGCACATTGGC,1,5,44,740,3901
ACATTGGCCAGATCTG,1,6,44,820,3901
ACATTGGCCATCAAGT,1,7,44,901,3901
ACATTGGCCGCTGATC,1,8,44,982,3901
ACATTGGCACAAGCTA,1,9,44,1062,3902
ACATTGGCCTGTAGCC,1,10,44,1143,3902
ACATTGGCAGTACAAG,1,11,44,1223,3902
ACATTGGCAACAACCA,1,12,44,1304,3903
ACATTGGCAACCGAGA,1,13,44,1384,3903
ACATTGGCAACGCTTA,1,14,44,1465,3903
ACATTGGCAAGACGGA,1,15,44,1545,3903
ACATTGGCAAGGTACA,1,16,44,1626,3904
ACATTGGCACACAGAA,1,17,44,1706,3904
ACATTGGCACAGCAGA,1,18,44,1787,3904
ACATTGGCACCTCCAA,1,19,44,1867,3904
ACATTGGCACGCTCGA,1,20,44,1948,3905
ACATTGGCACGTATCA,1,21,44,2028,3905
ACATTGGCACTATGCA,1,22,44,2109,3905
ACATTGGCAGAGTCAA,1,23,44,2189,3905
ACATTGGCAGATCGCA,1,24,44,2270,3906
ACATTGGCAGCAGGAA,1,25,44,2350,3906
ACATTGGCAGTCACTA,1,26,44,2431,3906
ACATTGGCATCCTGTA,1,27,44,2511,3907
ACATTGGCATTGAGGA,1,28,44,2592,3907
ACATTGGCCAACCACA,1,29,44,2672,3907
ACATTGGCGACTAGTA,1,30,44,2753,3907
ACATTGGCCAATGGAA,1,31,44,2833,3908
ACATTGGCCACTTCGA,1,32,44,2914,3908
ACATTGGCCAGCGTTA,1,33,44,2994,3908
ACATTGGCCATACCAA,1,34,44,3075,3908
ACATTGGCCCAGTTCA,1,35,44,3155,3909
ACATTGGCCCGAAGTA,1,36,44,3236,3909
ACATTGGCCCGTGAGA,1,37,44,3316,3909
ACATTGGCCCTCCTGA,1,38,44,3397,3910
ACATTGGCCGAACTTA,1,39,44,3477,3910
ACATTGGCCGACTGGA,1,40,44,3558,3910
ACATTGGCCGCATACA,1,41,44,3638,3910
ACATTGGCCTCAATGA,1,42,44,3719,3911
ACATTGGCCTGAGCCA,1,43,44,3799,3911
ACATTGGCCTGGCATA,1,44,44,3880,3911
ACATTGGCGAATCTGA,1,45,44,3961,3911
ACATTGGCCAAGACTA,1,46,44,4041,3912
ACATTGGCGAGCTGAA,1,47,44,4122,3912
ACATTGGCGATAGACA,1,48,44,4202,3912
ACATTGGCGCCACATA,1,49,44,4283,3913
ACCACTGTAACGTGAT,1,0,45,337,3979
ACCACTGTAAACATCG,1,1,45,418,3980
ACCACTGTATGCCTAA,1,2,45,498,3980
ACCACTGTAGTGGTCA,1,3,45,579,3980
ACCACTGTACCACTGT,1,4,45,660,3980
ACCACTGTACATTGGC,1,5,45,740,3981
ACCACTGTCAGATCTG,1,6,45,821,3981
ACCACTGTCATCAAGT,1,7,45,901,3981
ACCACTGTCGCTGATC,1,8,45,982,3982
ACCACTGTACAAGCTA,1,9,45,1062,3982
ACCACTGTCTGTAGCC,1,10,45,1143,3982
ACCACTGTAGTACAAG,1,11,45,1223,3982
ACCACTGTAACAACCA,1,12,45,1304,3983
ACCACTGTAACCGAGA,1,13,45,1384,3983
ACCACTGTAACGCTTA,1,14,45,1465,3983
ACCACTGTAAGACGGA,1,15,45,1545,3983
ACCACTGTAAGGTACA,1,16,45,1626,3984
ACCACTGTACACAGAA,1,17,45,1706,3984
ACCACTGTACAGCAGA,1,18,45,1787,3984
ACCACTGTACCTCCAA,1,19,45,1867,3985
ACCACTGTACGCTCGA,1,20,45,1948,3985
ACCACTGTACGTATCA,1,21,45,2028,3985
ACCACTGTACTATGCA,1,22,45,2109,3985
ACCACTGTAGAGTCAA,1,23,45,2189,3986
ACCACTGTAGATCGCA,1,24,45,2270,3986
ACCACTGTAGCAGGAA,1,25,45,2350,3986
ACCACTGTAGTCACTA,1,26,45,2431,3986
ACCACTGTATCCTGTA,1,27,45,2511,3987
ACCACTGTATTGAGGA,1,28,45,2592,3987
ACCACTGTCAACCACA,1,29,45,2672,3987
ACCACTGTGACTAGTA,1,30,45,2753,3987
ACCACTGTCAATGGAA,1,31,45,2833,3988
ACCACTGTCACTTCGA,1,32,45,2914,3988
ACCACTGTCAGCGTTA,1,33,45,2994,3988
ACCACTGTCATACCAA,1,34,45,3075,3989
ACCACTGTCCAGTTCA,1,35,45,3155,3989
ACCACTGTCCGAAGTA,1,36,45,3236,3989
ACCACTGTCCGTGAGA,1,37,45,3316,3989
ACCACTGTCCTCCTGA,1,38,45,3397,3990
ACCACTGTCGAACTTA,1,39,45,3478,3990
ACCACTGTCGACTGGA,1,40,45,3558,3990
ACCACTGTCGCATACA,1,41,45,3639,3990
ACCACTGTCTCAATGA,1,42,45,3719,3991
ACCACTGTCTGAGCCA,1,43,45,3800,3991
ACCACTGTCTGGCATA,1,44,45,3880,3991
ACCACTGTGAATCTGA,1,45,45,3961,3992
ACCACTGTCAAGACTA,1,46,45,4041,3992
ACCACTGTGAGCTGAA,1,47,45,4122,3992
ACCACTGTGATAGACA,1,48,45,4202,3992
ACCACTGTGCCACATA,1,49,45,4283,3993
AGTGGTCAAACGTGAT,1,0,46,338,4059
AGTGGTCAAAACATCG,1,1,46,418,4060
AGTGGTCAATGCCTAA,1,2,46,499,4060
AGTGGTCAAGTGGTCA,1,3,46,579,4060
AGTGGTCAACCACTGT,1,4,46,660,4061
AGTGGTCAACATTGGC,1,5,46,740,4061
AGTGGTCACAGATCTG,1,6,46,821,4061
AGTGGTCACATCAAGT,1,7,46,901,4061
AGTGGTCACGCTGATC,1,8,46,982,4062
AGTGGTCAACAAGCTA,1,9,46,1062,4062
AGTGGTCACTGTAGCC,1,10,46,1143,4062
AGTGGTCAAGTACAAG,1,11,46,1223,4062
AGTGGTCAAACAACCA,1,12,46,1304,4063
AGTGGTCAAACCGAGA,1,13,46,1384,4063
AGTGGTCAAACGCTTA,1,14,46,1465,4063
AGTGGTCAAAGACGGA,1,15,46,1545,4064
AGTGGTCAAAGGTACA,1,16,46,1626,4064
AGTGGTCAACACAGAA,1,17,46,1706,4064
AGTGGTCAACAGCAGA,1,18,46,1787,4064
AGTGGTCAACCTCCAA,1,19,46,1867,4065
AGTGGTCAACGCTCGA,1,20,46,1948,4065
AGTGGTCAACGTATCA,1,21,46,2028,4065
AGTGGTCAACTATGCA,1,22,46,2109,4065
AGTGGTCAAGAGTCAA,1,23,46,2189,4066
AGTGGTCAAGATCGCA,1,24,46,2270,4066
AGTGGTCAAGCAGGAA,1,25,46,2350,4066
AGTGGTCAAGTCACTA,1,26,46,2431,4067
AGTGGTCAATCCTGTA,1,27,46,2511,4067
AGTGGTCAATTGAGGA,1,28,46,2592,4067
AGTGGTCACAACCACA,1,29,46,2672,4067
AGTGGTCAGACTAGTA,1,30,46,2753,4068
AGTGGTCACAATGGAA,1,31,46,2833,4068
AGTGGTCACACTTCGA,1,32,46,2914,4068
AGTGGTCACAGCGTTA,1,33,46,2994,4068
AGTGGTCACATACCAA,1,34,46,3075,4069
AGTGGTCACCAGTTCA,1,35,46,3156,4069
AGTGGTCACCGAAGTA,1,36,46,3236,4069
AGTGGTCACCGTGAGA,1,37,46,3317,4069
AGTGGTCACCTCCTGA,1,38,46,3397,4070
AGTGGTCACGAACTTA,1,39,46,3478,4070
AGTGGTCACGACTGGA,1,40,46,3558,4070
AGTGGTCACGCATACA,1,41,46,3639,4071
AGTGGTCACTCAATGA,1,42,46,3719,4071
AGTGGTCACTGAGCCA,1,43,46,3800,4071
AGTGGTCACTGGCATA,1,44,46,3880,4071
AGTGGTCAGAATCTGA,1,45,46,3961,4072
AGTGGTCACAAGACTA,1,46,46,4041,4072
AGTGGTCAGAGCTGAA,1,47,46,4122,4072
AGTGGTCAGATAGACA,1,48,46,4202,4072
AGTGGTCAGCCACATA,1,49,46,4283,4073
ATGCCTAAAACGTGAT,1,0,47,338,4140
ATGCCTAAAAACATCG,1,1,47,418,4140
ATGCCTAAATGCCTAA,1,2,47,499,4140
ATGCCTAAAGTGGTCA,1,3,47,579,4140
ATGCCTAAACCACTGT,1,4,47,660,4141
ATGCCTAAACATTGGC,1,5,47,740,4141
ATGCCTAACAGATCTG,1,6,47,821,4141
ATGCCTAACATCAAGT,1,7,47,901,4141
ATGCCTAACGCTGATC,1,8,47,982,4142
ATGCCTAAACAAGCTA,1,9,47,1062,4142
ATGCCTAACTGTAGCC,1,10,47,1143,4142
ATGCCTAAAGTACAAG,1,11,47,1223,4143
ATGCCTAAAACAACCA,1,12,47,1304,4143
ATGCCTAAAACCGAGA,1,13,47,1384,4143
ATGCCTAAAACGCTTA,1,14,47,1465,4143
ATGCCTAAAAGACGGA,1,15,47,1545,4144
ATGCCTAAAAGGTACA,1,16,47,1626,4144
ATGCCTAAACACAGAA,1,17,47,1706,4144
ATGCCTAAACAGCAGA,1,18,47,1787,4144
ATGCCTAAACCTCCAA,1,19,47,1867,4145
ATGCCTAAACGCTCGA,1,20,47,1948,4145
ATGCCTAAACGTATCA,1,21,47,2028,4145
ATGCCTAAACTATGCA,1,22,47,2109,4146
ATGCCTAAAGAGTCAA,1,23,47,2189,4146
ATGCCTAAAGATCGCA,1,24,47,2270,4146
ATGCCTAAAGCAGGAA,1,25,47,2350,4146
ATGCCTAAAGTCACTA,1,26,47,2431,4147
ATGCCTAAATCCTGTA,1,27,47,2511,4147
ATGCCTAAATTGAGGA,1,28,47,2592,4147
ATGCCTAACAACCACA,1,29,47,2673,4147
ATGCCTAAGACTAGTA,1,30,47,2753,4148
ATGCCTAACAATGGAA,1,31,47,2834,4148
ATGCCTAACACTTCGA,1,32,47,2914,4148
ATGCCTAACAGCGTTA,1,33,47,2995,4149
ATGCCTAACATACCAA,1,34,47,3075,4149
ATGCCTAACCAGTTCA,1,35,47,3156,4149
ATGCCTAACCGAAGTA,1,36,47,3236,4149
ATGCCTAACCGTGAGA,1,37,47,3317,4150
ATGCCTAACCTCCTGA,1,38,47,3397,4150
ATGCCTAACGAACTTA,1,39,47,3478,4150
ATGCCTAACGACTGGA,1,40,47,3558,4150
ATGCCTAACGCATACA,1,41,47,3639,4151
ATGCCTAACTCAATGA,1,42,47,3719,4151
ATGCCTAACTGAGCCA,1,43,47,3800,4151
ATGCCTAACTGGCATA,1,44,47,3880,4151
ATGCCTAAGAATCTGA,1,45,47,3961,4152
ATGCCTAACAAGACTA,1,46,47,4041,4152
ATGCCTAAGAGCTGAA,1,47,47,4122,4152
ATGCCTAAGATAGACA,1,48,47,4202,4153
ATGCCTAAGCCACATA,1,49,47,4283,4153
AAACATCGAACGTGAT,1,0,48,338,4220
AAACATCGAAACATCG,1,1,48,418,4220
AAACATCGATGCCTAA,1,2,48,499,4220
AAACATCGAGTGGTCA,1,3,48,579,4221
AAACATCGACCACTGT,1,4,48,660,4221
AAACATCGACATTGGC,1,5,48,740,4221
AAACATCGCAGATCTG,1,6,48,821,4221
AAACATCGCATCAAGT,1,7,48,901,4222
AAACATCGCGCTGATC,1,8,48,982,4222
AAACATCGACAAGCTA,1,9,48,1062,4222
AAACATCGCTGTAGCC,1,10,48,1143,4222
AAACATCGAGTACAAG,1,11,48,1223,4223
AAACATCGAACAACCA,1,12,48,1304,4223
AAACATCGAACCGAGA,1,13,48,1384,4223
AAACATCGAACGCTTA,1,14,48,1465,4223
AAACATCGAAGACGGA,1,15,48,1545,4224
AAACATCGAAGGTACA,1,16,48,1626,4224
AAACATCGACACAGAA,1,17,48,1706,4224
AAACATCGACAGCAGA,1,18,48,1787,4225
AAACATCGACCTCCAA,1,19,48,1867,4225
AAACATCGACGCTCGA,1,20,48,1948,4225
AAACATCGACGTATCA,1,21,48,2028,4225
AAACATCGACTATGCA,1,22,48,2109,4226
AAACATCGAGAGTCAA,1,23,48,2189,4226
AAACATCGAGATCGCA,1,24,48,2270,4226
AAACATCGAGCAGGAA,1,25,48,2351,4226
AAACATCGAGTCACTA,1,26,48,2431,4227
AAACATCGATCCTGTA,1,27,48,2512,4227
AAACATCGATTGAGGA,1,28,48,2592,4227
AAACATCGCAACCACA,1,29,48,2673,4228
AAACATCGGACTAGTA,1,30,48,2753,4228
AAACATCGCAATGGAA,1,31,48,2834,4228
AAACATCGCACTTCGA,1,32,48,2914,4228
AAACATCGCAGCGTTA,1,33,48,2995,4229
AAACATCGCATACCAA,1,34,48,3075,4229
AAACATCGCCAGTTCA,1,35,48,3156,4229
AAACATCGCCGAAGTA,1,36,48,3236,4229
AAACATCGCCGTGAGA,1,37,48,3317,4230
AAACATCGCCTCCTGA,1,38,48,3397,4230
AAACATCGCGAACTTA,1,39,48,3478,4230
AAACATCGCGACTGGA,1,40,48,3558,4231
AAACATCGCGCATACA,1,41,48,3639,4231
AAACATCGCTCAATGA,1,42,48,3719,4231
AAACATCGCTGAGCCA,1,43,48,3800,4231
AAACATCGCTGGCATA,1,44,48,3880,4232
AAACATCGGAATCTGA,1,45,48,3961,4232
AAACATCGCAAGACTA,1,46,48,4041,4232
AAACATCGGAGCTGAA,1,47,48,4122,4232
AAACATCGGATAGACA,1,48,48,4202,4233
AAACATCGGCCACATA,1,49,48,4283,4233
AACGTGATAACGTGAT,1,0,49,338,4300
AACGTGATAAACATCG,1,1,49,418,4300
AACGTGATATGCCTAA,1,2,49,499,4300
AACGTGATAGTGGTCA,1,3,49,579,4301
AACGTGATACCACTGT,1,4,49,660,4301
AACGTGATACATTGGC,1,5,49,740,4301
AACGTGATCAGATCTG,1,6,49,821,4301
AACGTGATCATCAAGT,1,7,49,901,4302
AACGTGATCGCTGATC,1,8,49,982,4302
AACGTGATACAAGCTA,1,9,49,1062,4302
AACGTGATCTGTAGCC,1,10,49,1143,4303
AACGTGATAGTACAAG,1,11,49,1223,4303
AACGTGATAACAACCA,1,12,49,1304,4303
AACGTGATAACCGAGA,1,13,49,1384,4303
AACGTGATAACGCTTA,1,14,49,1465,4304
AACGTGATAAGACGGA,1,15,49,1545,4304
AACGTGATAAGGTACA,1,16,49,1626,4304
AACGTGATACACAGAA,1,17,49,1706,4304
AACGTGATACAGCAGA,1,18,49,1787,4305
AACGTGATACCTCCAA,1,19,49,1868,4305
AACGTGATACGCTCGA,1,20,49,1948,4305
AACGTGATACGTATCA,1,21,49,2029,4305
AACGTGATACTATGCA,1,22,49,2109,4306
AACGTGATAGAGTCAA,1,23,49,2190,4306
AACGTGATAGATCGCA,1,24,49,2270,4306
AACGTGATAGCAGGAA,1,25,49,2351,4307
AACGTGATAGTCACTA,1,26,49,2431,4307
AACGTGATATCCTGTA,1,27,49,2512,4307
AACGTGATATTGAGGA,1,28,49,2592,4307
AACGTGATCAACCACA,1,29,49,2673,4308
AACGTGATGACTAGTA,1,30,49,2753,4308
AACGTGATCAATGGAA,1,31,49,2834,4308
AACGTGATCACTTCGA,1,32,49,2914,4308
AACGTGATCAGCGTTA,1,33,49,2995,4309
AACGTGATCATACCAA,1,34,49,3075,4309
AACGTGATCCAGTTCA,1,35,49,3156,4309
AACGTGATCCGAAGTA,1,36,49,3236,4310
AACGTGATCCGTGAGA,1,37,49,3317,4310
AACGTGATCCTCCTGA,1,38,49,3397,4310
AACGTGATCGAACTTA,1,39,49,3478,4310
AACGTGATCGACTGGA,1,40,49,3558,4311
AACGTGATCGCATACA,1,41,49,3639,4311
AACGTGATCTCAATGA,1,42,49,3719,4311
AACGTGATCTGAGCCA,1,43,49,3800,4311
AACGTGATCTGGCATA,1,44,49,3880,4312
AACGTGATGAATCTGA,1,45,49,3961,4312
AACGTGATCAAGACTA,1,46,49,4041,4312
AACGTGATGAGCTGAA,1,47,49,4122,4313
AACGTGATGATAGACA,1,48,49,4202,4313
AACGTGATGCCACATA,1,49,49,4283,4313
